{"이미지 정보":{"이미지 식별자":1221834,"이미지 높이":1049,"이미지 파일명":"vt197k8b-vt197k8b-s_7.jpg","이미지 너비":800},"데이터셋 정보":{"파일 생성일자":"2020-11-18 14:57:24","데이터셋 상세설명":{"렉트좌표":{"아우터":[{"X좌표":247.278,"Y좌표":5.49936,"가로":279,"세로":562}],"하의":[{"X좌표":292.278,"Y좌표":358.684,"가로":221,"세로":351}],"원피스":[{}],"상의":[{}]},"폴리곤좌표":{"아우터":[{"X좌표30":353.778,"X좌표8":525.778,"X좌표9":514.778,"Y좌표30":5.99936,"X좌표2":421.778,"X좌표3":432.778,"X좌표1":350.778,"X좌표6":516.778,"X좌표7":526.778,"X좌표4":459.778,"X좌표5":496.778,"Y좌표26":183.981,"Y좌표25":338.964,"Y좌표28":51.9945,"Y좌표9":213.977,"Y좌표27":79.9915,"Y좌표22":514.945,"Y좌표21":568.94,"Y좌표24":391.958,"Y좌표23":426.955,"Y좌표20":561.94,"X좌표19":333.778,"X좌표18":335.778,"X좌표17":323.778,"X좌표16":317.778,"X좌표15":336.778,"X좌표14":403.778,"X좌표13":493.778,"X좌표12":507.778,"X좌표11":501.778,"Y좌표4":49.9947,"X좌표10":499.778,"Y좌표3":32.9965,"Y좌표2":16.9982,"Y좌표1":9.99894,"Y좌표8":144.985,"Y좌표7":77.9917,"Y좌표29":40.9957,"Y좌표6":62.9933,"Y좌표5":61.9934,"Y좌표15":398.958,"Y좌표14":396.958,"Y좌표17":473.95,"Y좌표16":409.957,"Y좌표11":341.964,"Y좌표10":261.972,"Y좌표13":389.959,"Y좌표12":377.96,"X좌표29":342.778,"X좌표28":309.778,"X좌표27":247.778,"X좌표26":276.778,"X좌표25":294.778,"X좌표24":266.778,"X좌표23":275.778,"X좌표22":247.778,"X좌표21":257.778,"X좌표20":312.778,"Y좌표19":545.942,"Y좌표18":513.946}],"하의":[{"Y좌표9":504.169,"X좌표15":292.778,"X좌표14":321.778,"X좌표13":385.778,"X좌표12":472.778,"X좌표11":507.778,"Y좌표4":707.147,"X좌표10":513.778,"Y좌표3":711.147,"Y좌표2":591.16,"Y좌표1":384.182,"Y좌표8":574.161,"Y좌표7":677.151,"Y좌표6":688.149,"Y좌표5":669.151,"Y좌표15":380.182,"Y좌표14":364.184,"X좌표8":477.778,"X좌표9":490.778,"Y좌표11":366.183,"Y좌표10":426.177,"Y좌표13":359.184,"Y좌표12":359.184,"X좌표2":326.778,"X좌표3":328.778,"X좌표1":295.778,"X좌표6":443.778,"X좌표7":477.778,"X좌표4":398.778,"X좌표5":416.778}],"원피스":[{}],"상의":[{}]},"라벨링":{"스타일":[{"스타일":"웨스턴","서브스타일":"아방가르드"}],"아우터":[{"기장":"하프","색상":"브라운","카테고리":"베스트","디테일":["비대칭"],"소매기장":"민소매","소재":["니트"],"프린트":["무지"],"넥라인":"터틀넥","핏":"노멀"}],"하의":[{"색상":"블루","카테고리":"청바지","소재":["데님"],"프린트":["무지"],"핏":"스키니"}],"원피스":[{}],"상의":[{}]}},"파일 번호":1221834,"파일 이름":"vt197k8b-vt197k8b-s_7.jpg"}}