{"이미지 정보":{"이미지 식별자":190990,"이미지 높이":800,"이미지 파일명":"byhoney_049_04.jpg","이미지 너비":800},"데이터셋 정보":{"파일 생성일자":"2020-09-07 01:49:30","데이터셋 상세설명":{"렉트좌표":{"아우터":[{}],"하의":[{"X좌표":376.055,"Y좌표":243.293,"가로":135,"세로":305}],"원피스":[{}],"상의":[{"X좌표":330.636,"Y좌표":-0.476426,"가로":230,"세로":407}]},"폴리곤좌표":{"아우터":[{}],"하의":[{"X좌표8":385.546,"X좌표9":376.555,"Y좌표9":255.782,"X좌표2":467.47,"Y좌표4":460.592,"X좌표3":506.434,"Y좌표3":294.746,"Y좌표2":243.793,"X좌표1":376.555,"Y좌표1":247.79,"X좌표6":402.53,"Y좌표8":382.664,"X좌표7":390.542,"Y좌표7":492.562,"X좌표4":512.428,"Y좌표6":549.509,"X좌표5":464.473,"Y좌표5":543.515}],"원피스":[{}],"상의":[{"Y좌표9":383.881,"X좌표18":371.122,"X좌표17":370.122,"X좌표16":350.129,"X좌표15":331.136,"X좌표14":343.132,"X좌표13":357.127,"X좌표12":402.11,"X좌표11":455.09,"Y좌표4":51.0046,"X좌표10":485.079,"Y좌표3":2.02283,"Y좌표2":0.0235737,"Y좌표1":27.0135,"Y좌표8":334.899,"Y좌표7":264.925,"Y좌표6":169.96,"Y좌표5":120.979,"Y좌표15":194.951,"Y좌표14":303.911,"X좌표8":550.055,"Y좌표17":38.0095,"X좌표9":497.075,"Y좌표16":121.978,"Y좌표11":375.884,"Y좌표10":327.902,"Y좌표13":401.874,"Y좌표12":407.872,"X좌표2":377.119,"X좌표3":472.084,"X좌표1":367.123,"X좌표6":559.052,"X좌표7":562.051,"Y좌표18":24.0147,"X좌표4":506.071,"X좌표5":538.06}]},"라벨링":{"스타일":[{"스타일":"스포티","서브스타일":"스트리트"}],"아우터":[{}],"하의":[{"기장":"니렝스","색상":"블랙","서브색상":"오렌지","카테고리":"래깅스","소재":["스판덱스"],"프린트":["무지"],"핏":"스키니"}],"원피스":[{}],"상의":[{"기장":"롱","색상":"오렌지","카테고리":"티셔츠","디테일":["드롭숄더"],"소매기장":"7부소매","소재":["우븐"],"프린트":["레터링"],"넥라인":"라운드넥","핏":"오버사이즈"}]}},"파일 번호":190990,"파일 이름":"byhoney_049_04.jpg"}}