{"이미지 정보":{"이미지 식별자":72464,"이미지 높이":800,"이미지 파일명":"cope.company_019_00_ES_디바세트.jpg","이미지 너비":800},"데이터셋 정보":{"파일 생성일자":"2020-08-10 05:17:03","데이터셋 상세설명":{"렉트좌표":{"아우터":[{}],"하의":[{"X좌표":354.278,"Y좌표":256.339,"가로":202,"세로":449}],"원피스":[{}],"상의":[{"X좌표":335.29,"Y좌표":0.499375,"가로":274,"세로":358}]},"폴리곤좌표":{"아우터":[{}],"하의":[{"X좌표35":453.716,"X좌표34":479.7,"X좌표33":550.656,"X좌표32":557.651,"X좌표31":548.657,"X좌표30":536.664,"X좌표8":354.778,"X좌표9":364.772,"Y좌표33":261.836,"Y좌표32":315.802,"Y좌표35":264.834,"Y좌표34":256.839,"Y좌표31":376.764,"Y좌표30":439.725,"X좌표2":385.759,"X좌표3":382.761,"X좌표1":447.72,"X좌표6":368.769,"X좌표7":365.771,"X좌표4":373.766,"X좌표5":364.772,"Y좌표26":662.586,"Y좌표25":666.583,"Y좌표28":559.65,"Y좌표9":701.561,"Y좌표27":607.62,"Y좌표22":579.638,"Y좌표21":520.674,"Y좌표24":640.599,"Y좌표23":614.616,"Y좌표20":466.708,"X좌표19":470.706,"X좌표18":470.706,"X좌표17":446.721,"X좌표16":438.726,"X좌표15":429.731,"X좌표14":426.733,"X좌표13":423.735,"X좌표12":422.736,"X좌표11":423.735,"Y좌표4":453.716,"X좌표10":394.753,"Y좌표3":385.759,"Y좌표2":328.794,"Y좌표1":261.836,"Y좌표8":680.574,"Y좌표7":639.6,"Y좌표29":497.689,"Y좌표6":585.634,"Y좌표5":518.676,"Y좌표15":468.707,"Y좌표14":534.666,"Y좌표17":398.751,"Y좌표16":425.734,"Y좌표11":701.561,"Y좌표10":706.558,"Y좌표13":600.624,"Y좌표12":660.587,"X좌표29":515.677,"X좌표28":505.684,"X좌표27":518.676,"X좌표26":501.686,"X좌표25":463.71,"X좌표24":435.727,"X좌표23":446.721,"X좌표22":451.717,"X좌표21":456.714,"X좌표20":467.707,"Y좌표19":410.743,"Y좌표18":356.777}],"원피스":[{}],"상의":[{"X좌표8":349.781,"X좌표9":389.756,"X좌표2":353.779,"X좌표3":346.783,"X좌표1":392.754,"X좌표6":335.79,"X좌표7":345.784,"X좌표4":341.786,"X좌표5":341.786,"Y좌표26":24.9844,"Y좌표25":20.9869,"Y좌표28":12.9919,"Y좌표9":335.79,"Y좌표27":15.99,"Y좌표22":43.9725,"Y좌표21":98.9381,"Y좌표24":4.99687,"Y좌표23":17.9887,"Y좌표20":157.901,"X좌표19":592.629,"X좌표18":605.621,"X좌표17":610.618,"X좌표16":551.655,"X좌표15":561.649,"X좌표14":552.654,"X좌표13":546.658,"X좌표12":490.693,"X좌표11":444.722,"Y좌표4":148.907,"X좌표10":403.747,"Y좌표3":95.94,"Y좌표2":34.9781,"Y좌표1":5.99625,"Y좌표8":335.79,"Y좌표7":310.806,"Y좌표29":0.999375,"Y좌표6":269.831,"Y좌표5":214.866,"Y좌표15":308.807,"Y좌표14":276.827,"Y좌표17":359.775,"Y좌표16":353.779,"Y좌표11":270.831,"Y좌표10":296.814,"Y좌표13":250.843,"Y좌표12":259.837,"X좌표29":385.759,"X좌표28":402.748,"X좌표27":415.74,"X좌표26":453.716,"X좌표25":475.702,"X좌표24":527.67,"X좌표23":556.652,"X좌표22":589.631,"X좌표21":593.629,"X좌표20":593.629,"Y좌표19":232.854,"Y좌표18":303.81}]},"라벨링":{"스타일":[{"스타일":"스포티"}],"아우터":[{}],"하의":[{"기장":"맥시","색상":"민트","카테고리":"팬츠","소재":["저지"],"프린트":["무지"],"핏":"벨보텀"}],"원피스":[{}],"상의":[{"기장":"노멀","색상":"민트","카테고리":"후드티","소매기장":"긴팔","소재":["저지"],"프린트":["무지"],"넥라인":"후드","핏":"노멀"}]}},"파일 번호":72464,"파일 이름":"cope.company_019_00_ES_디바세트.jpg"}}