{"이미지 정보":{"이미지 식별자":216857,"이미지 높이":800,"이미지 파일명":"Haemil_305_10.jpg","이미지 너비":800},"데이터셋 정보":{"파일 생성일자":"2020-09-07 03:34:42","데이터셋 상세설명":{"렉트좌표":{"아우터":[{"X좌표":232.507,"Y좌표":-1.49306,"가로":395,"세로":799}],"하의":[{}],"원피스":[{}],"상의":[{}]},"폴리곤좌표":{"아우터":[{"X좌표39":498.007,"X좌표38":493.007,"X좌표37":486.007,"X좌표36":470.007,"X좌표35":456.007,"X좌표34":443.007,"X좌표33":433.007,"X좌표32":430.007,"X좌표31":508.007,"X좌표30":534.007,"X좌표49":337.007,"X좌표48":334.007,"X좌표47":338.007,"X좌표46":326.007,"X좌표45":326.007,"X좌표44":336.007,"X좌표43":340.007,"X좌표42":502.007,"X좌표41":503.007,"X좌표40":503.007,"Y좌표26":210.007,"Y좌표25":250.007,"Y좌표28":173.007,"Y좌표27":191.007,"Y좌표22":643.007,"Y좌표21":742.007,"Y좌표24":348.007,"Y좌표23":489.007,"Y좌표20":799.007,"X좌표59":256.007,"X좌표58":233.007,"X좌표57":247.007,"X좌표56":269.007,"X좌표55":271.007,"X좌표54":282.007,"X좌표53":299.007,"X좌표52":309.007,"X좌표51":303.007,"X좌표50":296.007,"Y좌표29":98.0069,"Y좌표15":247.007,"Y좌표14":210.007,"Y좌표17":436.007,"Y좌표16":320.007,"Y좌표11":99.0069,"Y좌표10":52.0069,"Y좌표13":194.007,"Y좌표12":126.007,"X좌표62":321.007,"Y좌표19":798.007,"X좌표61":297.007,"Y좌표18":590.007,"X좌표60":287.007,"Y좌표48":359.007,"Y좌표47":427.007,"Y좌표49":272.007,"Y좌표44":690.007,"Y좌표43":798.007,"Y좌표46":504.007,"Y좌표45":610.007,"Y좌표40":667.007,"Y좌표42":798.007,"Y좌표41":777.007,"Y좌표37":371.007,"Y좌표36":253.007,"X좌표8":588.007,"Y좌표39":588.007,"X좌표9":609.007,"Y좌표38":480.007,"Y좌표33":69.0069,"Y좌표32":29.0069,"Y좌표35":172.007,"Y좌표34":129.007,"Y좌표31":23.0069,"Y좌표30":43.0069,"X좌표2":349.007,"X좌표3":379.007,"X좌표1":312.007,"X좌표6":524.007,"X좌표7":563.007,"X좌표4":398.007,"X좌표5":504.007,"Y좌표9":31.0069,"Y좌표62":29.0069,"Y좌표61":49.0069,"Y좌표60":70.0069,"X좌표19":626.007,"X좌표18":618.007,"X좌표17":622.007,"X좌표16":622.007,"X좌표15":612.007,"X좌표14":606.007,"X좌표13":608.007,"X좌표12":629.007,"X좌표11":619.007,"Y좌표4":-0.993057,"X좌표10":616.007,"Y좌표3":8.00694,"Y좌표2":21.0069,"Y좌표1":33.0069,"Y좌표8":18.0069,"Y좌표7":12.0069,"Y좌표6":11.0069,"Y좌표5":2.00694,"Y좌표59":113.007,"Y좌표58":153.007,"Y좌표55":239.007,"Y좌표54":262.007,"Y좌표57":178.007,"Y좌표56":200.007,"Y좌표51":254.007,"Y좌표50":228.007,"Y좌표53":284.007,"Y좌표52":264.007,"X좌표29":550.007,"X좌표28":578.007,"X좌표27":580.007,"X좌표26":572.007,"X좌표25":573.007,"X좌표24":569.007,"X좌표23":571.007,"X좌표22":568.007,"X좌표21":561.007,"X좌표20":556.007}],"하의":[{}],"원피스":[{}],"상의":[{}]},"라벨링":{"스타일":[{"스타일":"컨트리","서브스타일":"리조트"}],"아우터":[{"기장":"롱","색상":"그레이","카테고리":"가디건","디테일":["슬릿"],"소매기장":"캡","소재":["니트"],"프린트":["무지"],"핏":"루즈"}],"하의":[{"카테고리":"팬츠","소재":["우븐"],"프린트":["무지"]}],"원피스":[{}],"상의":[{"카테고리":"티셔츠","소재":["저지"],"프린트":["무지"],"넥라인":"라운드넥","핏":"노멀"}]}},"파일 번호":216857,"파일 이름":"Haemil_305_10.jpg"}}