{"이미지 정보":{"이미지 식별자":73121,"이미지 높이":800,"이미지 파일명":"cope.company_046_01.jpg","이미지 너비":800},"데이터셋 정보":{"파일 생성일자":"2020-08-10 05:21:19","데이터셋 상세설명":{"렉트좌표":{"아우터":[{}],"하의":[{}],"원피스":[{}],"상의":[{"X좌표":49.4375,"Y좌표":-0.493067,"가로":523,"세로":508}]},"폴리곤좌표":{"아우터":[{}],"하의":[{}],"원피스":[{}],"상의":[{"X좌표30":175.762,"X좌표8":119.84,"X좌표9":163.779,"Y좌표30":20.9778,"X좌표2":155.79,"X좌표3":92.8778,"X좌표1":172.767,"X좌표6":50.9361,"X좌표7":53.9319,"X좌표4":53.9319,"X좌표5":49.9375,"Y좌표26":0.00693311,"Y좌표25":19.9792,"Y좌표28":30.9639,"Y좌표9":471.351,"Y좌표27":1.00554,"Y좌표22":146.803,"Y좌표21":233.682,"Y좌표24":27.968,"Y좌표23":62.9194,"Y좌표20":315.568,"X좌표19":510.297,"X좌표18":493.321,"X좌표17":455.374,"X좌표16":433.404,"X좌표15":412.433,"X좌표14":381.476,"X좌표13":328.55,"X좌표12":271.629,"X좌표11":232.683,"Y좌표4":161.782,"X좌표10":209.715,"Y좌표3":88.8833,"Y좌표2":51.9347,"Y좌표1":19.9792,"Y좌표8":468.356,"Y좌표7":440.394,"Y좌표29":32.9611,"Y좌표6":350.519,"Y좌표5":287.607,"Y좌표15":469.354,"Y좌표14":486.331,"Y좌표17":461.365,"Y좌표16":442.392,"Y좌표11":507.301,"Y좌표10":493.321,"Y좌표13":493.321,"Y좌표12":508.3,"X좌표29":219.701,"X좌표28":249.66,"X좌표27":306.581,"X좌표26":335.54,"X좌표25":378.481,"X좌표24":405.443,"X좌표23":461.365,"X좌표22":515.29,"X좌표21":573.21,"X좌표20":565.221,"Y좌표19":416.428,"Y좌표18":458.369}]},"라벨링":{"스타일":[{"스타일":"컨트리"}],"아우터":[{}],"하의":[{}],"원피스":[{}],"상의":[{"기장":"노멀","색상":"베이지","카테고리":"블라우스","옷깃":"차이나칼라","디테일":["단추","스트링"],"소매기장":"긴팔","소재":["린넨"],"프린트":["무지"],"넥라인":"라운드넥","핏":"루즈"}]}},"파일 번호":73121,"파일 이름":"cope.company_046_01.jpg"}}