{"이미지 정보":{"이미지 식별자":811154,"이미지 높이":800,"이미지 파일명":"2-t5085k09-헤이데이(체리쉬맨투맨)린다0925얼굴컷,외주예시폴더안에있는몸매보정PSD확인하고보정,상의예시로작업-밝기보정해주세요-IMG_0573.JPG","이미지 너비":800},"데이터셋 정보":{"파일 생성일자":"2020-11-04 13:05:08","데이터셋 상세설명":{"렉트좌표":{"아우터":[{}],"하의":[{}],"원피스":[{}],"상의":[{"X좌표":201.507,"Y좌표":2.50694,"가로":586,"세로":718}]},"폴리곤좌표":{"아우터":[{}],"하의":[{}],"원피스":[{}],"상의":[{"X좌표8":328.007,"X좌표9":350.007,"X좌표2":343.007,"X좌표3":336.007,"X좌표1":343.007,"X좌표6":202.007,"X좌표7":221.007,"X좌표4":264.007,"X좌표5":237.007,"Y좌표26":543.007,"Y좌표25":517.007,"Y좌표28":580.007,"Y좌표9":39.0069,"Y좌표27":568.007,"Y좌표22":307.007,"Y좌표21":299.007,"Y좌표24":479.007,"Y좌표23":401.007,"Y좌표20":253.007,"X좌표19":789.007,"X좌표18":787.007,"X좌표17":764.007,"X좌표16":711.007,"X좌표15":538.007,"X좌표14":531.007,"X좌표13":464.007,"X좌표12":449.007,"X좌표11":418.007,"Y좌표4":722.007,"X좌표10":380.007,"Y좌표3":712.007,"Y좌표2":659.007,"Y좌표1":586.007,"Y좌표8":32.0069,"Y좌표7":78.0069,"Y좌표29":587.007,"Y좌표6":201.007,"Y좌표5":608.007,"Y좌표15":6.00694,"Y좌표14":32.0069,"Y좌표17":92.0069,"Y좌표16":3.00694,"Y좌표11":78.0069,"Y좌표10":71.0069,"Y좌표13":24.0069,"Y좌표12":51.0069,"X좌표29":339.007,"X좌표28":364.007,"X좌표27":436.007,"X좌표26":548.007,"X좌표25":624.007,"X좌표24":634.007,"X좌표23":626.007,"X좌표22":619.007,"X좌표21":639.007,"X좌표20":750.007,"Y좌표19":211.007,"Y좌표18":157.007}]},"라벨링":{"스타일":[{"스타일":"힙합","서브스타일":"스포티"}],"아우터":[{}],"하의":[{}],"원피스":[{}],"상의":[{"기장":"롱","색상":"카키","서브색상":"골드","카테고리":"티셔츠","소매기장":"긴팔","소재":["저지"],"프린트":["레터링"],"넥라인":"라운드넥","핏":"루즈"}]}},"파일 번호":811154,"파일 이름":"2-t5085k09-헤이데이(체리쉬맨투맨)린다0925얼굴컷,외주예시폴더안에있는몸매보정PSD확인하고보정,상의예시로작업-밝기보정해주세요-IMG_0573.JPG"}}