{"이미지 정보":{"이미지 식별자":54641,"이미지 높이":800,"이미지 파일명":"Bella_002_06.jpg","이미지 너비":800},"데이터셋 정보":{"파일 생성일자":"2020-08-10 02:13:24","데이터셋 상세설명":{"렉트좌표":{"아우터":[{}],"하의":[{"X좌표":291.308,"Y좌표":278.272,"가로":179,"세로":467}],"원피스":[{}],"상의":[{"X좌표":277.312,"Y좌표":-1.64893,"가로":174,"세로":348}]},"폴리곤좌표":{"아우터":[{}],"하의":[{"X좌표2":291.808,"Y좌표4":745.89,"X좌표3":332.046,"Y좌표3":731.02,"Y좌표2":291.019,"X좌표1":471.132,"Y좌표1":278.772,"X좌표6":456.261,"X좌표7":455.386,"Y좌표7":278.772,"X좌표4":425.645,"Y좌표6":690.781,"X좌표5":437.017,"Y좌표5":712.65}],"원피스":[{}],"상의":[{"X좌표8":451.888,"X좌표2":299.68,"Y좌표4":53.0858,"X좌표3":277.812,"Y좌표3":179.05,"Y좌표2":336.506,"X좌표1":447.514,"Y좌표1":347.003,"X좌표6":443.14,"Y좌표8":334.756,"X좌표7":443.333,"Y좌표7":6.0,"X좌표4":304.054,"Y좌표6":-1.14893,"X좌표5":344.293,"Y좌표5":12.8471}]},"라벨링":{"스타일":[{"스타일":"레트로","서브스타일":"모던"}],"아우터":[{}],"하의":[{"기장":"발목","색상":"블랙","카테고리":"팬츠","소재":["우븐"],"프린트":["무지"],"핏":"노멀"}],"원피스":[{}],"상의":[{"기장":"노멀","색상":"화이트","서브색상":"블랙","카테고리":"블라우스","소매기장":"반팔","소재":["우븐"],"프린트":["도트"],"넥라인":"라운드넥","핏":"노멀"}]}},"파일 번호":54641,"파일 이름":"Bella_002_06.jpg"}}