{"이미지 정보":{"이미지 식별자":259477,"이미지 높이":800,"이미지 파일명":"SecretG_035_11.jpg","이미지 너비":800},"데이터셋 정보":{"파일 생성일자":"2020-09-08 12:01:39","데이터셋 상세설명":{"렉트좌표":{"아우터":[{}],"하의":[{"X좌표":337.932,"Y좌표":212.408,"가로":169,"세로":470}],"원피스":[{}],"상의":[{"X좌표":259.98,"Y좌표":1.53781,"가로":335,"세로":333}]},"폴리곤좌표":{"아우터":[{}],"하의":[{"Y좌표9":682.619,"Y좌표20":217.905,"X좌표19":338.432,"X좌표18":338.432,"X좌표17":374.41,"X좌표16":397.396,"X좌표15":398.395,"X좌표14":427.378,"X좌표13":446.366,"X좌표12":451.363,"X좌표11":446.366,"Y좌표4":229.898,"X좌표10":476.347,"Y좌표3":232.896,"Y좌표2":223.901,"Y좌표1":212.908,"Y좌표8":610.663,"Y좌표7":473.747,"Y좌표6":355.82,"Y좌표5":277.868,"Y좌표15":632.65,"Y좌표14":638.646,"X좌표8":505.33,"Y좌표17":458.757,"X좌표9":503.331,"Y좌표16":571.687,"Y좌표11":676.622,"Y좌표10":683.618,"Y좌표13":632.65,"Y좌표12":650.638,"X좌표2":404.392,"X좌표3":446.366,"X좌표20":361.418,"X좌표1":359.419,"X좌표6":502.331,"Y좌표19":260.878,"X좌표7":488.34,"Y좌표18":296.856,"X좌표4":500.333,"X좌표5":508.328}],"원피스":[{}],"상의":[{"X좌표38":415.385,"X좌표37":457.359,"X좌표36":493.337,"X좌표35":523.318,"X좌표34":550.302,"X좌표33":581.283,"X좌표32":596.274,"X좌표31":584.281,"X좌표30":569.29,"Y좌표37":8.03412,"Y좌표36":2.03781,"X좌표8":272.473,"X좌표9":260.48,"Y좌표38":23.0249,"Y좌표33":122.963,"Y좌표32":182.926,"Y좌표35":20.0267,"Y좌표34":56.0046,"Y좌표31":209.91,"Y좌표30":236.893,"X좌표2":388.402,"X좌표3":370.413,"X좌표1":415.385,"X좌표6":329.438,"X좌표7":296.458,"X좌표4":350.425,"X좌표5":337.433,"Y좌표26":334.833,"Y좌표25":335.832,"Y좌표28":277.868,"Y좌표9":91.9824,"Y좌표27":304.851,"Y좌표22":241.89,"Y좌표21":244.888,"Y좌표24":307.85,"Y좌표23":262.877,"Y좌표20":233.895,"X좌표19":359.419,"X좌표18":349.426,"X좌표17":353.423,"X좌표16":301.455,"X좌표15":287.464,"X좌표14":293.46,"X좌표13":314.447,"X좌표12":328.438,"X좌표11":317.445,"Y좌표4":24.0243,"X좌표10":283.466,"Y좌표3":21.0261,"Y좌표2":12.0317,"Y좌표1":20.0267,"Y좌표8":47.0101,"Y좌표7":14.0304,"Y좌표29":251.884,"Y좌표6":12.0317,"Y좌표5":29.0212,"Y좌표15":274.87,"Y좌표14":232.896,"Y좌표17":332.834,"Y좌표16":304.851,"Y좌표11":142.951,"Y좌표10":124.962,"Y좌표13":182.926,"Y좌표12":137.954,"X좌표29":545.305,"X좌표28":545.305,"X좌표27":538.309,"X좌표26":517.322,"X좌표25":488.34,"X좌표24":491.338,"X좌표23":490.339,"X좌표22":481.344,"X좌표21":431.375,"X좌표20":367.414,"Y좌표19":262.877,"Y좌표18":295.857}]},"라벨링":{"스타일":[{"스타일":"페미닌"}],"아우터":[{}],"하의":[{"기장":"발목","색상":"블루","카테고리":"청바지","디테일":["디스트로이드"],"소재":["데님"],"프린트":["무지"],"핏":"스키니"}],"원피스":[{}],"상의":[{"색상":"레드","서브색상":"화이트","카테고리":"블라우스","디테일":["셔링","레이스","퍼프"],"소매기장":"긴팔","소재":["우븐","레이스"],"넥라인":"라운드넥","핏":"루즈"}]}},"파일 번호":259477,"파일 이름":"SecretG_035_11.jpg"}}