{"이미지 정보":{"이미지 식별자":100634,"이미지 높이":800,"이미지 파일명":"Ave29Th_473_07.jpg","이미지 너비":800},"데이터셋 정보":{"파일 생성일자":"2020-08-10 08:37:07","데이터셋 상세설명":{"렉트좌표":{"아우터":[{}],"하의":[{}],"원피스":[{"X좌표":-0.125521,"Y좌표":2.51144,"가로":663,"세로":789}],"상의":[{}]},"폴리곤좌표":{"아우터":[{}],"하의":[{}],"원피스":[{"Y좌표9":598.184,"Y좌표22":9.0031,"Y좌표21":30.9725,"Y좌표24":8.00449,"Y좌표23":3.01144,"Y좌표20":41.9573,"X좌표19":199.098,"X좌표18":177.129,"X좌표17":216.074,"X좌표16":167.143,"X좌표15":12.3578,"X좌표14":0.374479,"X좌표13":54.2995,"X좌표12":528.64,"X좌표11":535.63,"Y좌표4":177.768,"X좌표10":535.63,"Y좌표3":47.9489,"Y좌표2":32.9698,"Y좌표1":7.00588,"Y좌표8":505.313,"Y좌표7":398.461,"Y좌표6":372.498,"Y좌표5":326.561,"Y좌표15":605.174,"Y좌표14":701.041,"X좌표8":531.636,"Y좌표17":323.566,"X좌표9":499.68,"Y좌표16":486.339,"Y좌표11":716.02,"Y좌표10":616.159,"Y좌표13":790.916,"Y좌표12":792.913,"X좌표24":501.677,"X좌표23":468.723,"X좌표22":361.872,"X좌표2":510.665,"X좌표21":331.913,"X좌표3":573.577,"X좌표20":241.04,"X좌표1":498.681,"X좌표6":595.547,"Y좌표19":182.761,"X좌표7":561.594,"Y좌표18":290.611,"X좌표4":641.483,"X좌표5":663.452}],"상의":[{}]},"라벨링":{"스타일":[{"스타일":"밀리터리","서브스타일":"모던"}],"아우터":[{}],"하의":[{}],"원피스":[{"색상":"브라운","카테고리":"드레스","옷깃":"셔츠칼라","디테일":["플리츠","포켓","단추"],"소매기장":"반팔","소재":["우븐"],"프린트":["무지"],"핏":"노멀"}],"상의":[{}]}},"파일 번호":100634,"파일 이름":"Ave29Th_473_07.jpg"}}