{"이미지 정보":{"이미지 식별자":163930,"이미지 높이":800,"이미지 파일명":"LIME_088_14.jpg","이미지 너비":800},"데이터셋 정보":{"파일 생성일자":"2020-08-18 10:24:20","데이터셋 상세설명":{"렉트좌표":{"아우터":[{"X좌표":74.0947,"Y좌표":-1.46035,"가로":655,"세로":798}],"하의":[{}],"원피스":[{}],"상의":[{}]},"폴리곤좌표":{"아우터":[{"X좌표36":0.0,"X좌표35":482.344,"X좌표34":535.311,"X좌표33":568.291,"X좌표32":604.269,"X좌표31":634.25,"X좌표30":667.23,"Y좌표36":0.0,"X좌표8":101.578,"X좌표9":85.5879,"Y좌표33":54.0058,"Y좌표32":128.96,"Y좌표35":17.0286,"Y좌표34":35.0175,"Y좌표31":200.915,"Y좌표30":325.838,"X좌표2":310.449,"X좌표3":241.492,"X좌표1":323.441,"X좌표6":179.53,"X좌표7":136.557,"X좌표4":205.514,"X좌표5":185.526,"Y좌표26":646.641,"Y좌표25":641.644,"Y좌표28":586.678,"Y좌표9":479.744,"Y좌표27":617.659,"Y좌표22":548.701,"Y좌표21":709.602,"Y좌표24":610.663,"Y좌표23":586.678,"Y좌표20":749.578,"X좌표19":632.251,"X좌표18":143.552,"X좌표17":131.56,"X좌표16":127.562,"X좌표15":136.557,"X좌표14":167.537,"X좌표13":146.55,"X좌표12":79.5916,"X좌표11":74.5947,"Y좌표4":56.0046,"X좌표10":77.5929,"Y좌표3":30.0206,"Y좌표2":6.03535,"Y좌표1":-0.960346,"Y좌표8":403.79,"Y좌표7":269.873,"Y좌표29":478.744,"Y좌표6":134.956,"Y좌표5":100.977,"Y좌표15":704.605,"Y좌표14":608.664,"Y좌표17":784.556,"Y좌표16":746.579,"Y좌표11":551.699,"Y좌표10":529.713,"Y좌표13":629.651,"Y좌표12":607.665,"X좌표29":713.202,"X좌표28":730.191,"X좌표27":725.194,"X좌표26":652.239,"X좌표25":620.259,"X좌표24":605.268,"X좌표23":575.286,"X좌표22":560.296,"X좌표21":622.258,"X좌표20":631.252,"Y좌표19":797.548,"Y좌표18":793.551}],"하의":[{}],"원피스":[{}],"상의":[{}]},"라벨링":{"스타일":[{"스타일":"밀리터리","서브스타일":"스트리트"}],"아우터":[{"색상":"블랙","카테고리":"재킷","디테일":["패치워크"],"소매기장":"긴팔","소재":["우븐"],"프린트":["무지"],"핏":"오버사이즈"}],"하의":[{}],"원피스":[{}],"상의":[{}]}},"파일 번호":163930,"파일 이름":"LIME_088_14.jpg"}}