{"이미지 정보":{"이미지 식별자":1176692,"이미지 높이":1049,"이미지 파일명":"k86sk1938-1 (5983).jpg","이미지 너비":800},"데이터셋 정보":{"파일 생성일자":"2020-11-17 17:12:01","데이터셋 상세설명":{"렉트좌표":{"아우터":[{}],"하의":[{}],"원피스":[{"X좌표":207.5,"Y좌표":-0.5,"가로":387,"세로":756}],"상의":[{}]},"폴리곤좌표":{"아우터":[{}],"하의":[{}],"원피스":[{"Y좌표9":346.934,"Y좌표22":10.9979,"Y좌표21":69.7867,"Y좌표23":0.0,"Y좌표20":227.757,"X좌표19":208.0,"X좌표18":249.0,"X좌표17":251.0,"X좌표16":295.0,"X좌표15":324.0,"X좌표14":430.0,"X좌표13":549.0,"X좌표12":548.0,"X좌표11":523.0,"Y좌표4":15.9969,"X좌표10":559.0,"Y좌표3":6.99867,"Y좌표2":75.9855,"Y좌표1":1.99962,"Y좌표8":293.944,"Y좌표7":250.952,"Y좌표6":238.954,"Y좌표5":65.9874,"Y좌표15":749.657,"Y좌표14":756.656,"X좌표8":582.0,"Y좌표17":540.697,"X좌표9":595.0,"Y좌표16":721.662,"Y좌표11":360.931,"Y좌표10":359.931,"Y좌표13":736.66,"Y좌표12":499.905,"X좌표23":304.0,"X좌표22":291.0,"X좌표2":393.0,"X좌표21":234.0,"X좌표3":401.0,"X좌표20":208.0,"X좌표1":305.0,"X좌표6":548.0,"Y좌표19":292.744,"X좌표7":542.0,"Y좌표18":309.741,"X좌표4":451.0,"X좌표5":514.0}],"상의":[{}]},"라벨링":{"스타일":[{"스타일":"스포티"}],"아우터":[{}],"하의":[{}],"원피스":[{"기장":"니렝스","색상":"그레이","카테고리":"드레스","디테일":["지퍼"],"소매기장":"긴팔","소재":["저지"],"프린트":["무지"],"넥라인":"후드","핏":"노멀"}],"상의":[{}]}},"파일 번호":1176692,"파일 이름":"k86sk1938-1 (5983).jpg"}}