{"이미지 정보":{"이미지 식별자":388537,"이미지 높이":1066,"이미지 파일명":"u_155169001492885800_1595819221.jpg","이미지 너비":800},"데이터셋 정보":{"파일 생성일자":"2020-09-15 06:37:31","데이터셋 상세설명":{"렉트좌표":{"아우터":[{}],"하의":[{}],"원피스":[{}],"상의":[{"X좌표":-0.704865,"Y좌표":40.5073,"가로":776,"세로":966}]},"폴리곤좌표":{"아우터":[{}],"하의":[{}],"원피스":[{}],"상의":[{"X좌표39":140.795,"X좌표38":132.795,"X좌표37":178.795,"X좌표36":217.795,"X좌표35":247.795,"X좌표34":282.795,"X좌표33":322.795,"X좌표32":363.795,"X좌표31":400.795,"X좌표30":452.795,"X좌표49":18.7951,"X좌표48":40.7951,"X좌표47":84.7951,"X좌표46":134.795,"X좌표45":134.795,"X좌표44":132.795,"X좌표43":143.795,"X좌표42":136.795,"X좌표41":125.795,"X좌표40":136.795,"Y좌표26":979.572,"Y좌표25":941.572,"Y좌표28":999.572,"Y좌표27":1006.57,"Y좌표22":780.015,"Y좌표21":706.014,"Y좌표24":879.571,"Y좌표23":808.57,"Y좌표20":640.013,"X좌표59":170.795,"X좌표58":152.795,"X좌표57":119.795,"X좌표56":98.7951,"X좌표55":75.7951,"X좌표54":56.7951,"X좌표53":34.7951,"X좌표52":22.7951,"X좌표51":0.795135,"X좌표50":-0.204864,"Y좌표29":1002.57,"Y좌표15":436.011,"Y좌표14":337.01,"Y좌표17":581.013,"Y좌표16":592.013,"Y좌표11":126.008,"Y좌표10":97.0079,"Y좌표13":263.009,"Y좌표12":198.009,"X좌표63":323.795,"X좌표62":309.795,"Y좌표19":599.013,"X좌표61":265.795,"Y좌표18":594.013,"X좌표60":216.795,"Y좌표48":556.568,"Y좌표47":568.568,"Y좌표49":542.568,"Y좌표44":644.569,"Y좌표43":714.569,"Y좌표46":568.568,"Y좌표45":595.568,"Y좌표40":855.571,"Y좌표42":764.57,"Y좌표41":794.57,"Y좌표37":993.572,"Y좌표36":993.572,"X좌표8":549.795,"Y좌표39":904.571,"X좌표9":594.795,"Y좌표38":993.572,"Y좌표33":979.572,"Y좌표32":997.572,"Y좌표35":975.572,"Y좌표34":976.572,"Y좌표31":1007.57,"Y좌표30":1007.57,"X좌표2":377.795,"X좌표3":417.795,"X좌표1":324.795,"X좌표6":475.795,"X좌표7":508.795,"X좌표4":458.795,"X좌표5":467.795,"Y좌표9":69.0076,"Y좌표62":49.0074,"Y좌표61":49.0074,"Y좌표63":64.0076,"Y좌표60":60.0075,"X좌표19":667.795,"X좌표18":705.795,"X좌표17":742.795,"X좌표16":776.795,"X좌표15":776.795,"X좌표14":754.795,"X좌표13":727.795,"X좌표12":698.795,"X좌표11":666.795,"Y좌표4":81.0077,"X좌표10":644.795,"Y좌표3":97.0079,"Y좌표2":90.0078,"Y좌표1":66.0076,"Y좌표8":52.0075,"Y좌표7":41.0073,"Y좌표6":42.0074,"Y좌표5":61.0075,"Y좌표59":70.0076,"Y좌표58":90.0078,"Y좌표55":236.009,"Y좌표54":284.01,"Y좌표57":122.008,"Y좌표56":168.009,"Y좌표51":452.567,"Y좌표50":523.568,"Y좌표53":339.01,"Y좌표52":379.011,"X좌표29":535.795,"X좌표28":574.795,"X좌표27":604.795,"X좌표26":624.795,"X좌표25":630.795,"X좌표24":635.795,"X좌표23":623.795,"X좌표22":637.795,"X좌표21":650.795,"X좌표20":637.795}]},"라벨링":{"스타일":[{"스타일":"스포티"}],"아우터":[{}],"하의":[{}],"원피스":[{}],"상의":[{"기장":"롱","색상":"옐로우","카테고리":"티셔츠","소매기장":"7부소매","소재":["저지"],"프린트":["레터링"],"넥라인":"라운드넥","핏":"루즈"}]}},"파일 번호":388537,"파일 이름":"u_155169001492885800_1595819221.jpg"}}