{"이미지 정보":{"이미지 식별자":1265116,"이미지 높이":1066,"이미지 파일명":"20201116_235301_511코튼건빵통 (3color)-158346790861618500_1050035568.jpg","이미지 너비":800},"데이터셋 정보":{"파일 생성일자":"2020-11-24 15:17:17","데이터셋 상세설명":{"렉트좌표":{"아우터":[{}],"하의":[{"X좌표":257.375,"Y좌표":238.542,"가로":268,"세로":713}],"원피스":[{}],"상의":[{"X좌표":303.375,"Y좌표":6.50907,"가로":277,"세로":248}]},"폴리곤좌표":{"아우터":[{}],"하의":[{"X좌표34":476.875,"X좌표33":496.875,"X좌표32":513.875,"X좌표31":519.875,"X좌표30":519.875,"X좌표8":432.875,"X좌표9":387.875,"Y좌표33":293.991,"Y좌표32":342.945,"Y좌표34":239.042,"Y좌표31":391.899,"Y좌표30":448.846,"X좌표2":427.875,"X좌표3":368.875,"X좌표1":473.875,"X좌표6":458.875,"X좌표7":446.875,"X좌표4":357.875,"X좌표5":416.875,"Y좌표26":899.424,"Y좌표25":897.426,"Y좌표28":877.445,"Y좌표9":455.59,"Y좌표27":899.424,"Y좌표22":642.665,"Y좌표21":872.45,"Y좌표24":883.439,"Y좌표23":388.902,"Y좌표20":947.38,"X좌표19":417.875,"X좌표18":363.875,"X좌표17":331.875,"X좌표16":266.875,"X좌표15":257.875,"X좌표14":276.875,"X좌표13":301.875,"X좌표12":308.875,"X좌표11":311.875,"Y좌표4":316.719,"X좌표10":343.875,"Y좌표3":243.788,"Y좌표2":250.781,"Y좌표1":242.789,"Y좌표8":463.582,"Y좌표7":390.65,"Y좌표29":657.651,"Y좌표6":333.704,"Y좌표5":323.713,"Y좌표15":921.404,"Y좌표14":827.492,"Y좌표17":946.38,"Y좌표16":933.393,"Y좌표11":431.612,"Y좌표10":453.591,"Y좌표13":610.445,"Y좌표12":457.588,"X좌표29":526.875,"X좌표28":524.875,"X좌표27":517.875,"X좌표26":489.875,"X좌표25":466.875,"X좌표24":446.875,"X좌표23":471.875,"X좌표22":469.875,"X좌표21":448.875,"X좌표20":437.875,"Y좌표19":952.375,"Y좌표18":949.378}],"원피스":[{}],"상의":[{"X좌표30":421.875,"X좌표8":313.875,"X좌표9":323.875,"Y좌표30":37.9801,"X좌표2":398.875,"X좌표3":371.875,"X좌표1":418.875,"X좌표6":309.875,"X좌표7":303.875,"X좌표4":351.875,"X좌표5":329.875,"Y좌표26":60.9586,"Y좌표25":76.9437,"Y좌표28":42.9754,"Y좌표9":222.807,"Y좌표27":48.9698,"Y좌표22":120.903,"Y좌표21":135.889,"Y좌표24":85.9352,"Y좌표23":100.921,"Y좌표20":137.887,"X좌표19":522.875,"X좌표18":497.875,"X좌표17":489.875,"X좌표16":482.875,"X좌표15":467.875,"X좌표14":436.875,"X좌표13":397.875,"X좌표12":371.875,"X좌표11":369.875,"Y좌표4":7.00907,"X좌표10":338.875,"Y좌표3":9.0072,"Y좌표2":33.9838,"Y좌표1":38.9792,"Y좌표8":155.87,"Y좌표7":92.9287,"Y좌표29":40.9773,"Y좌표6":51.967,"Y좌표5":11.0053,"Y좌표15":255.776,"Y좌표14":255.776,"Y좌표17":173.853,"Y좌표16":250.781,"Y좌표11":216.813,"Y좌표10":221.808,"Y좌표13":250.781,"Y좌표12":245.786,"X좌표29":437.875,"X좌표28":461.875,"X좌표27":477.875,"X좌표26":497.875,"X좌표25":532.875,"X좌표24":552.875,"X좌표23":567.875,"X좌표22":569.875,"X좌표21":581.875,"X좌표20":563.875,"Y좌표19":133.89,"Y좌표18":130.893}]},"라벨링":{"스타일":[{"스타일":"밀리터리","서브스타일":"젠더리스"}],"아우터":[{}],"하의":[{"기장":"발목","색상":"그레이","카테고리":"팬츠","디테일":["스트링","포켓"],"소재":["우븐"],"프린트":["무지"],"핏":"와이드"}],"원피스":[{}],"상의":[{"색상":"블랙","소매기장":"반팔"}]}},"파일 번호":1265116,"파일 이름":"20201116_235301_511코튼건빵통 (3color)-158346790861618500_1050035568.jpg"}}