{"이미지 정보":{"이미지 식별자":521858,"이미지 높이":1049,"이미지 파일명":"pt4985k05-s_4.jpg","이미지 너비":800},"데이터셋 정보":{"파일 생성일자":"2020-10-12 19:43:05","데이터셋 상세설명":{"렉트좌표":{"아우터":[{}],"하의":[{"X좌표":229.351,"Y좌표":266.414,"가로":317,"세로":635}],"원피스":[{}],"상의":[{"X좌표":202.367,"Y좌표":-0.460956,"가로":326,"세로":301}]},"폴리곤좌표":{"아우터":[{}],"하의":[{"X좌표39":296.809,"X좌표38":292.812,"X좌표37":269.826,"X좌표36":254.835,"X좌표35":250.838,"X좌표34":272.824,"X좌표33":277.821,"X좌표32":281.819,"X좌표31":280.819,"X좌표30":266.828,"Y좌표37":326.886,"Y좌표36":365.867,"X좌표8":467.704,"Y좌표39":266.914,"X좌표9":491.689,"Y좌표38":308.894,"Y좌표33":532.789,"Y좌표32":619.748,"Y좌표35":424.84,"Y좌표34":466.82,"Y좌표31":668.725,"Y좌표30":703.709,"X좌표2":335.785,"X좌표3":373.762,"X좌표1":304.805,"X좌표6":455.712,"X좌표7":472.701,"X좌표4":404.743,"X좌표5":437.723,"Y좌표26":902.615,"Y좌표25":784.671,"Y좌표28":869.631,"Y좌표9":431.836,"Y좌표27":895.619,"Y좌표22":613.751,"Y좌표21":643.737,"Y좌표24":701.71,"Y좌표23":586.764,"Y좌표20":662.728,"X좌표19":434.725,"X좌표18":425.73,"X좌표17":418.734,"X좌표16":413.737,"X좌표15":484.694,"X좌표14":521.671,"X좌표13":520.672,"X좌표12":547.655,"X좌표11":532.664,"Y좌표4":269.912,"X좌표10":509.678,"Y좌표3":275.91,"Y좌표2":269.912,"Y좌표1":269.912,"Y좌표8":370.865,"Y좌표7":343.878,"Y좌표29":772.676,"Y좌표6":316.89,"Y좌표5":278.908,"Y좌표15":871.63,"Y좌표14":865.633,"Y좌표17":775.675,"Y좌표16":854.638,"Y좌표11":611.752,"Y좌표10":479.814,"Y좌표13":797.665,"Y좌표12":643.737,"X좌표29":250.838,"X좌표28":229.851,"X좌표27":271.825,"X좌표26":320.795,"X좌표25":349.777,"X좌표24":373.762,"X좌표23":401.745,"X좌표22":416.736,"X좌표21":416.736,"X좌표20":425.73,"Y좌표19":677.721,"Y좌표18":712.704}],"원피스":[{}],"상의":[{"X좌표8":482.695,"X좌표9":470.702,"X좌표2":415.736,"X좌표3":457.71,"X좌표1":386.754,"X좌표6":529.666,"X좌표7":506.68,"X좌표4":479.697,"X좌표5":508.679,"Y좌표26":0.0390442,"Y좌표25":6.03623,"Y좌표9":266.914,"Y좌표27":0.0390442,"Y좌표22":56.0128,"Y좌표21":80.0015,"Y좌표24":17.0311,"Y좌표23":30.025,"Y좌표20":128.979,"X좌표19":229.851,"X좌표18":257.833,"X좌표17":283.817,"X좌표16":278.821,"X좌표15":266.828,"X좌표14":314.798,"X좌표13":373.762,"X좌표12":407.741,"X좌표11":449.715,"Y좌표4":130.978,"X좌표10":461.708,"Y좌표3":92.9954,"Y좌표2":27.0264,"Y좌표1":6.03623,"Y좌표8":235.928,"Y좌표7":226.933,"Y좌표6":205.942,"Y좌표5":172.958,"Y좌표15":301.897,"Y좌표14":301.897,"Y좌표17":209.941,"Y좌표16":232.93,"Y좌표11":301.897,"Y좌표10":295.9,"Y좌표13":299.898,"Y좌표12":296.9,"X좌표27":382.757,"X좌표26":364.768,"X좌표25":349.777,"X좌표24":329.789,"X좌표23":319.795,"X좌표22":304.805,"X좌표21":271.825,"X좌표20":202.867,"Y좌표19":155.966,"Y좌표18":182.953}]},"라벨링":{"스타일":[{"스타일":"밀리터리","서브스타일":"스트리트"}],"아우터":[{}],"하의":[{"기장":"미디","색상":"블랙","서브색상":"그레이","카테고리":"팬츠","소재":["우븐"],"프린트":["카무플라쥬"],"핏":"노멀"}],"원피스":[{}],"상의":[{"색상":"화이트","카테고리":"티셔츠","디테일":["드롭숄더"],"소매기장":"반팔","소재":["저지"],"프린트":["무지"],"핏":"루즈"}]}},"파일 번호":521858,"파일 이름":"pt4985k05-s_4.jpg"}}