{"이미지 정보":{"이미지 식별자":1113600,"이미지 높이":533,"이미지 파일명":"20200110-pt4423k01-엘투(대행,535)-pt4423 모델컷추가-DHP08532.JPG","이미지 너비":800},"데이터셋 정보":{"파일 생성일자":"2020-11-13 16:08:16","데이터셋 상세설명":{"렉트좌표":{"아우터":[{}],"하의":[{"X좌표":339.5,"Y좌표":145.455,"가로":127,"세로":313}],"원피스":[{}],"상의":[{"X좌표":293.5,"Y좌표":4.50668,"가로":160,"세로":176}]},"폴리곤좌표":{"아우터":[{}],"하의":[{"Y좌표9":417.854,"Y좌표22":145.955,"Y좌표21":161.949,"Y좌표20":214.929,"X좌표19":340.0,"X좌표18":345.0,"X좌표17":352.0,"X좌표16":358.0,"X좌표15":373.0,"X좌표14":374.0,"X좌표13":401.0,"X좌표12":399.0,"X좌표11":427.0,"Y좌표4":206.932,"X좌표10":438.0,"Y좌표3":172.945,"Y좌표2":153.952,"Y좌표1":146.954,"Y좌표8":355.877,"Y좌표7":317.891,"Y좌표6":273.907,"Y좌표5":234.922,"Y좌표15":449.842,"Y좌표14":459.838,"X좌표8":435.0,"Y좌표17":403.859,"X좌표9":467.0,"Y좌표16":447.843,"Y좌표11":428.85,"Y좌표10":427.85,"Y좌표13":455.84,"Y좌표12":388.865,"X좌표22":394.0,"X좌표2":414.0,"X좌표21":346.0,"X좌표3":426.0,"X좌표20":342.0,"X좌표1":393.0,"X좌표6":414.0,"Y좌표19":252.915,"X좌표7":411.0,"Y좌표18":311.893,"X좌표4":428.0,"X좌표5":418.0}],"원피스":[{}],"상의":[{"Y좌표9":164.947,"X좌표17":363.0,"X좌표16":356.0,"X좌표15":345.0,"X좌표14":334.0,"X좌표13":332.0,"X좌표12":324.0,"X좌표11":294.0,"Y좌표4":64.9845,"X좌표10":310.0,"Y좌표3":7.00594,"Y좌표2":5.00668,"Y좌표1":11.0045,"Y좌표8":154.951,"Y좌표7":156.95,"Y좌표6":181.941,"Y좌표5":141.956,"Y좌표15":54.9882,"Y좌표14":75.9804,"X좌표8":398.0,"Y좌표17":12.0041,"X좌표9":358.0,"Y좌표16":31.9967,"Y좌표11":141.956,"Y좌표10":172.945,"Y좌표13":110.967,"Y좌표12":123.963,"X좌표2":384.0,"X좌표3":401.0,"X좌표1":363.0,"X좌표6":438.0,"X좌표7":415.0,"X좌표4":431.0,"X좌표5":454.0}]},"라벨링":{"스타일":[{"스타일":"톰보이","서브스타일":"매니시"}],"아우터":[{}],"하의":[{"기장":"발목","색상":"스카이블루","카테고리":"팬츠","소재":["우븐"],"프린트":["무지"],"핏":"와이드"}],"원피스":[{}],"상의":[{"색상":"화이트","카테고리":"셔츠","소매기장":"긴팔","소재":["우븐"],"프린트":["무지"],"핏":"노멀"}]}},"파일 번호":1113600,"파일 이름":"20200110-pt4423k01-엘투(대행,535)-pt4423 모델컷추가-DHP08532.JPG"}}