{"이미지 정보":{"이미지 식별자":10,"이미지 높이":800,"이미지 파일명":"REIGN_002_08.jpg","이미지 너비":800},"데이터셋 정보":{"파일 생성일자":"2020-08-03 01:51:35","데이터셋 상세설명":{"렉트좌표":{"아우터":[{}],"하의":[{}],"원피스":[{"X좌표":-0.70458,"Y좌표":-1.49168,"가로":659,"세로":798}],"상의":[{}]},"폴리곤좌표":{"아우터":[{}],"하의":[{}],"원피스":[{"X좌표30":452.166,"X좌표8":119.629,"X좌표9":-0.20458,"Y좌표30":12.9889,"X좌표2":363.29,"X좌표3":327.34,"X좌표1":449.17,"X좌표6":368.283,"X좌표7":309.365,"X좌표4":359.295,"X좌표5":386.258,"Y좌표26":58.925,"Y좌표25":51.9347,"Y좌표28":19.9792,"Y좌표9":632.128,"Y좌표27":102.864,"Y좌표22":65.9153,"Y좌표21":171.768,"Y좌표24":-0.991678,"Y좌표23":18.9805,"Y좌표20":302.586,"X좌표19":596.965,"X좌표18":553.026,"X좌표17":452.166,"X좌표16":389.254,"X좌표15":345.315,"X좌표14":269.42,"X좌표13":330.336,"X좌표12":167.562,"X좌표11":50.7246,"Y좌표4":300.589,"X좌표10":3.78986,"Y좌표3":313.571,"Y좌표2":66.9139,"Y좌표1":11.9903,"Y좌표8":520.283,"Y좌표7":443.39,"Y좌표29":12.9889,"Y좌표6":351.518,"Y좌표5":319.562,"Y좌표15":797.897,"Y좌표14":791.906,"Y좌표17":633.126,"Y좌표16":729.992,"Y좌표11":791.906,"Y좌표10":723.001,"Y좌표13":646.108,"Y좌표12":797.897,"X좌표29":447.173,"X좌표28":447.173,"X좌표27":444.177,"X좌표26":448.172,"X좌표25":464.15,"X좌표24":548.033,"X좌표23":572.998,"X좌표22":629.919,"X좌표21":654.884,"X좌표20":658.879,"Y좌표19":460.367,"Y좌표18":552.239}],"상의":[{}]},"라벨링":{"스타일":[{"스타일":"리조트"}],"아우터":[{}],"하의":[{}],"원피스":[{"기장":"미디","색상":"베이지","카테고리":"드레스","옷깃":"셔츠칼라","디테일":["단추","슬릿"],"소매기장":"7부소매","소재":["린넨"],"프린트":["무지"],"핏":"루즈"}],"상의":[{}]}},"파일 번호":10,"파일 이름":"REIGN_002_08.jpg"}}