{"이미지 정보":{"이미지 식별자":1201207,"이미지 높이":1049,"이미지 파일명":"ops4479c03-ops4479c03-s_2.jpg","이미지 너비":800},"데이터셋 정보":{"파일 생성일자":"2020-11-18 12:33:37","데이터셋 상세설명":{"렉트좌표":{"아우터":[{}],"하의":[{}],"원피스":[{"X좌표":231.145,"Y좌표":1.51373,"가로":385,"세로":929}],"상의":[{}]},"폴리곤좌표":{"아우터":[{}],"하의":[{}],"원피스":[{"X좌표39":420.645,"X좌표38":403.645,"X좌표37":387.645,"X좌표36":350.645,"X좌표35":347.645,"X좌표34":328.645,"X좌표33":302.645,"X좌표32":282.645,"X좌표31":267.645,"X좌표30":266.645,"X좌표49":533.645,"X좌표48":537.645,"X좌표47":545.645,"X좌표46":543.645,"X좌표45":527.645,"X좌표44":502.645,"X좌표43":477.645,"X좌표42":460.645,"X좌표41":440.645,"X좌표40":430.645,"Y좌표26":804.01,"Y좌표25":778.285,"Y좌표28":809.006,"Y좌표27":809.006,"Y좌표22":517.53,"Y좌표21":340.696,"Y좌표24":738.322,"Y좌표23":596.455,"Y좌표20":320.714,"X좌표59":611.645,"X좌표58":616.645,"X좌표57":607.645,"X좌표56":585.645,"X좌표55":523.645,"X좌표54":520.645,"X좌표53":525.645,"X좌표52":526.645,"X좌표51":527.645,"X좌표50":528.645,"Y좌표29":821.994,"Y좌표15":341.695,"Y좌표14":292.741,"Y좌표17":373.665,"Y좌표16":368.669,"Y좌표11":222.806,"Y좌표10":205.822,"Y좌표13":273.758,"Y좌표12":245.785,"X좌표68":407.645,"X좌표67":508.645,"X좌표66":526.645,"X좌표65":562.645,"X좌표64":568.645,"X좌표63":590.645,"X좌표62":608.645,"Y좌표19":340.696,"X좌표61":608.645,"Y좌표18":360.677,"X좌표60":608.645,"Y좌표48":777.036,"Y좌표47":811.004,"Y좌표49":735.075,"Y좌표44":856.961,"Y좌표43":860.957,"Y좌표46":830.985,"Y좌표45":843.973,"Y좌표40":879.939,"Y좌표42":865.952,"Y좌표41":873.945,"Y좌표37":916.904,"Y좌표36":918.903,"X좌표8":321.645,"Y좌표39":898.921,"X좌표9":315.645,"Y좌표38":913.907,"Y좌표33":916.904,"Y좌표32":904.916,"Y좌표35":931.89,"Y좌표34":925.896,"Y좌표31":878.94,"Y좌표30":844.972,"X좌표2":386.645,"X좌표3":388.645,"X좌표1":405.645,"X좌표6":352.645,"X좌표7":332.645,"X좌표4":386.645,"X좌표5":381.645,"Y좌표9":163.862,"Y좌표66":3.0128,"Y좌표65":2.01373,"Y좌표68":117.905,"Y좌표67":13.0034,"Y좌표62":85.9349,"Y좌표61":118.904,"Y좌표64":13.0034,"Y좌표63":38.979,"Y좌표60":166.859,"X좌표19":312.645,"X좌표18":290.645,"X좌표17":277.645,"X좌표16":243.645,"X좌표15":231.645,"X좌표14":236.645,"X좌표13":257.645,"X좌표12":302.645,"X좌표11":311.645,"Y좌표4":14.0025,"X좌표10":311.645,"Y좌표3":40.9771,"Y좌표2":65.9537,"Y좌표1":127.895,"Y좌표8":40.9771,"Y좌표7":22.994,"Y좌표6":4.01186,"Y좌표5":4.01186,"Y좌표59":230.799,"Y좌표58":252.528,"Y좌표55":336.45,"Y좌표54":349.437,"Y좌표57":281.501,"Y좌표56":301.482,"Y좌표51":602.2,"Y좌표50":669.137,"Y좌표53":385.404,"Y좌표52":511.285,"X좌표29":263.645,"X좌표28":260.645,"X좌표27":246.645,"X좌표26":242.645,"X좌표25":248.645,"X좌표24":253.645,"X좌표23":262.645,"X좌표22":278.645,"X좌표21":322.645,"X좌표20":327.645}],"상의":[{}]},"라벨링":{"스타일":[{"스타일":"레트로","서브스타일":"스트리트"}],"아우터":[{}],"하의":[{}],"원피스":[{"기장":"미디","색상":"퍼플","서브색상":"화이트","카테고리":"드레스","디테일":["플레어"],"소매기장":"긴팔","소재":["우븐"],"프린트":["플로럴"],"넥라인":"브이넥","핏":"노멀"}],"상의":[{}]}},"파일 번호":1201207,"파일 이름":"ops4479c03-ops4479c03-s_2.jpg"}}