{"이미지 정보":{"이미지 식별자":1206075,"이미지 높이":1049,"이미지 파일명":"ops5383k09-ops5383k09-s_10.jpg","이미지 너비":800},"데이터셋 정보":{"파일 생성일자":"2020-11-18 13:06:22","데이터셋 상세설명":{"렉트좌표":{"아우터":[{}],"하의":[{}],"원피스":[{"X좌표":216.5,"Y좌표":6.49333,"가로":333,"세로":851}],"상의":[{}]},"폴리곤좌표":{"아우터":[{}],"하의":[{}],"원피스":[{"X좌표34":440.0,"X좌표33":438.0,"X좌표32":429.0,"X좌표31":417.0,"X좌표30":406.0,"X좌표8":546.0,"X좌표9":550.0,"Y좌표33":53.9485,"Y좌표32":62.9399,"Y좌표34":6.99333,"Y좌표31":99.9047,"Y좌표30":67.9352,"X좌표2":458.0,"X좌표3":494.0,"X좌표1":437.0,"X좌표6":530.0,"X좌표7":504.0,"X좌표4":546.0,"X좌표5":546.0,"Y좌표26":34.9666,"Y좌표25":45.9562,"Y좌표28":25.9752,"Y좌표9":683.348,"Y좌표27":25.9752,"Y좌표22":315.699,"Y좌표21":445.575,"Y좌표24":213.796,"Y좌표23":269.743,"Y좌표20":790.246,"X좌표19":312.0,"X좌표18":322.0,"X좌표17":377.0,"X좌표16":405.0,"X좌표15":410.0,"X좌표14":425.0,"X좌표13":444.0,"X좌표12":478.0,"X좌표11":532.0,"Y좌표4":163.844,"X좌표10":546.0,"Y좌표3":31.9695,"Y좌표2":30.9704,"Y좌표1":6.99333,"Y좌표8":461.56,"Y좌표7":302.711,"Y좌표29":54.9476,"Y좌표6":289.724,"Y좌표5":242.768,"Y좌표15":798.238,"Y좌표14":833.205,"Y좌표17":858.181,"Y좌표16":850.189,"Y좌표11":835.203,"Y좌표10":811.226,"Y좌표13":801.235,"Y좌표12":825.213,"X좌표29":390.0,"X좌표28":360.0,"X좌표27":340.0,"X좌표26":290.0,"X좌표25":258.0,"X좌표24":226.0,"X좌표23":217.0,"X좌표22":268.0,"X좌표21":258.0,"X좌표20":274.0,"Y좌표19":826.212,"Y좌표18":855.184}],"상의":[{}]},"라벨링":{"스타일":[{"스타일":"로맨틱"}],"아우터":[{}],"하의":[{}],"원피스":[{"기장":"미디","색상":"핑크","카테고리":"드레스","옷깃":"셔츠칼라","디테일":["띠"],"소매기장":"긴팔","소재":["니트"],"프린트":["무지"],"핏":"노멀"}],"상의":[{}]}},"파일 번호":1206075,"파일 이름":"ops5383k09-ops5383k09-s_10.jpg"}}