{"이미지 정보":{"이미지 식별자":476320,"이미지 높이":1066,"이미지 파일명":"u_152635745682518600_1668986873.jpg","이미지 너비":800},"데이터셋 정보":{"파일 생성일자":"2020-09-18 06:43:25","데이터셋 상세설명":{"렉트좌표":{"아우터":[{}],"하의":[{}],"원피스":[{}],"상의":[{"X좌표":-0.493067,"Y좌표":79.4744,"가로":776,"세로":878}]},"폴리곤좌표":{"아우터":[{}],"하의":[{}],"원피스":[{}],"상의":[{"Y좌표48":81.9735,"Y좌표47":158.942,"Y좌표44":136.951,"Y좌표43":95.9678,"Y좌표46":179.934,"Y좌표45":168.938,"Y좌표40":116.959,"Y좌표42":79.9744,"Y좌표41":97.967,"X좌표39":121.837,"X좌표38":1.00554,"X좌표37":0.00693311,"X좌표36":32.9611,"X좌표35":61.9208,"X좌표34":102.864,"X좌표33":126.831,"X좌표32":123.835,"X좌표31":201.726,"X좌표30":199.729,"Y좌표37":325.208,"Y좌표36":374.188,"X좌표8":700.033,"Y좌표39":169.938,"X좌표9":703.029,"Y좌표38":269.897,"Y좌표33":431.165,"Y좌표32":396.179,"Y좌표35":425.167,"Y좌표34":431.165,"Y좌표31":392.181,"Y좌표30":444.159,"X좌표48":593.182,"X좌표47":527.274,"X좌표46":483.335,"X좌표45":421.421,"X좌표44":369.493,"X좌표2":717.01,"X좌표43":351.518,"X좌표3":741.975,"X좌표42":356.511,"X좌표41":250.658,"X좌표1":589.187,"X좌표40":200.728,"X좌표6":776.926,"X좌표7":718.008,"X좌표4":755.956,"X좌표5":750.962,"Y좌표26":724.601,"Y좌표25":801.569,"Y좌표28":560.112,"Y좌표9":563.888,"Y좌표27":634.637,"Y좌표22":917.522,"Y좌표21":921.52,"Y좌표24":854.548,"Y좌표23":897.53,"Y좌표20":924.519,"X좌표19":463.362,"X좌표18":521.282,"X좌표17":590.186,"X좌표16":663.085,"X좌표15":685.054,"X좌표14":738.979,"X좌표13":747.967,"X좌표12":736.982,"X좌표11":741.975,"Y좌표4":292.999,"X좌표10":717.01,"Y좌표3":242.019,"Y좌표2":149.057,"Y좌표1":81.085,"Y좌표8":493.917,"Y좌표7":492.917,"Y좌표29":492.14,"Y좌표6":456.932,"Y좌표5":361.971,"Y좌표15":944.511,"Y좌표14":932.516,"Y좌표17":952.508,"Y좌표16":941.512,"Y좌표11":864.544,"Y좌표10":668.846,"Y좌표13":898.53,"Y좌표12":878.538,"X좌표29":218.703,"X좌표28":240.672,"X좌표27":256.65,"X좌표26":219.701,"X좌표25":201.726,"X좌표24":182.753,"X좌표23":243.668,"X좌표22":289.604,"X좌표21":371.49,"X좌표20":400.45,"Y좌표19":947.51,"Y좌표18":958.505}]},"라벨링":{"스타일":[{"스타일":"히피"}],"아우터":[{}],"하의":[{"색상":"블루"}],"원피스":[{}],"상의":[{"기장":"노멀","색상":"화이트","서브색상":"레드","카테고리":"블라우스","소매기장":"반팔","소재":["시폰"],"프린트":["그래픽"],"넥라인":"라운드넥","핏":"루즈"}]}},"파일 번호":476320,"파일 이름":"u_152635745682518600_1668986873.jpg"}}