{"이미지 정보":{"이미지 식별자":1344514,"이미지 높이":1049,"이미지 파일명":"bqwertf-(415).jpg","이미지 너비":800},"데이터셋 정보":{"파일 생성일자":"2020-12-08 12:47:08","데이터셋 상세설명":{"렉트좌표":{"아우터":[{"X좌표":183.5,"Y좌표":9.49809,"가로":348,"세로":615}],"하의":[{"X좌표":259.5,"Y좌표":538.597,"가로":261,"세로":413}],"원피스":[{}],"상의":[{}]},"폴리곤좌표":{"아우터":[{"Y좌표9":625.881,"X좌표16":355.0,"X좌표15":418.0,"X좌표14":512.0,"X좌표13":532.0,"X좌표12":504.0,"X좌표11":513.0,"Y좌표4":419.92,"X좌표10":481.0,"Y좌표3":176.966,"Y좌표2":33.9935,"Y좌표1":11.9977,"Y좌표8":586.888,"Y좌표7":606.884,"Y좌표6":612.883,"Y좌표5":493.906,"Y좌표15":25.995,"Y좌표14":36.9929,"X좌표8":341.0,"X좌표9":396.0,"Y좌표16":9.99809,"Y좌표11":557.894,"Y좌표10":613.883,"Y좌표13":179.966,"Y좌표12":235.955,"X좌표2":266.0,"X좌표3":264.0,"X좌표1":354.0,"X좌표6":251.0,"X좌표7":315.0,"X좌표4":216.0,"X좌표5":184.0}],"하의":[{"Y좌표9":575.09,"X좌표13":452.0,"X좌표12":417.0,"X좌표11":387.0,"Y좌표4":953.018,"X좌표10":338.0,"Y좌표3":887.031,"Y좌표2":765.054,"Y좌표1":584.089,"Y좌표8":750.057,"Y좌표7":828.042,"Y좌표6":870.034,"Y좌표5":897.029,"X좌표8":264.0,"X좌표9":260.0,"Y좌표11":575.09,"Y좌표10":539.097,"Y좌표13":590.087,"Y좌표12":601.085,"X좌표2":452.0,"X좌표3":521.0,"X좌표1":456.0,"X좌표6":322.0,"X좌표7":323.0,"X좌표4":443.0,"X좌표5":410.0}],"원피스":[{}],"상의":[{}]},"라벨링":{"스타일":[{"스타일":"키치","서브스타일":"톰보이"}],"아우터":[{"기장":"노말","색상":"스카이블루","카테고리":"짚업","디테일":["스트링","지퍼"],"소매기장":"긴팔","소재":["저지"],"넥라인":"후드","핏":"오버사이즈"}],"하의":[{"기장":"발목","색상":"스카이블루","카테고리":"조거팬츠","디테일":["포켓"],"소재":["저지"],"핏":"루즈"}],"원피스":[{}],"상의":[{}]}},"파일 번호":1344514,"파일 이름":"bqwertf-(415).jpg"}}