{"이미지 정보":{"이미지 식별자":40204,"이미지 높이":800,"이미지 파일명":"Eirene_054_10.jpg","이미지 너비":800},"데이터셋 정보":{"파일 생성일자":"2020-08-07 06:32:20","데이터셋 상세설명":{"렉트좌표":{"아우터":[{"X좌표":122.167,"Y좌표":0.5,"가로":281,"세로":519}],"하의":[{"X좌표":193.011,"Y좌표":437.963,"가로":161,"세로":302}],"원피스":[{}],"상의":[{}]},"폴리곤좌표":{"아우터":[{"Y좌표9":449.333,"Y좌표22":30.6667,"Y좌표21":56.6667,"Y좌표24":2.66667,"Y좌표23":8.66667,"Y좌표20":98.0,"X좌표19":387.333,"X좌표18":370.667,"X좌표17":360.667,"X좌표16":367.333,"X좌표15":382.667,"X좌표14":360.667,"X좌표13":329.333,"X좌표12":261.333,"X좌표11":206.0,"Y좌표4":122.0,"X좌표10":154.0,"Y좌표3":73.3333,"Y좌표2":30.6667,"Y좌표1":1.0,"Y좌표8":398.667,"Y좌표7":326.667,"Y좌표6":271.333,"Y좌표5":205.333,"Y좌표15":460.667,"Y좌표14":520.0,"X좌표8":122.667,"Y좌표17":302.667,"X좌표9":130.0,"Y좌표16":376.0,"Y좌표11":481.333,"Y좌표10":487.333,"Y좌표13":516.667,"Y좌표12":494.0,"X좌표24":296.667,"X좌표23":322.0,"X좌표22":366.667,"X좌표2":198.667,"X좌표21":393.333,"X좌표3":174.0,"X좌표20":404.0,"X좌표1":221.0,"X좌표6":147.333,"Y좌표19":164.0,"X좌표7":144.0,"Y좌표18":241.333,"X좌표4":168.0,"X좌표5":154.667}],"하의":[{"Y좌표9":495.009,"Y좌표22":448.463,"Y좌표21":459.463,"Y좌표23":438.463,"Y좌표20":503.463,"X좌표19":335.511,"X좌표18":355.511,"X좌표17":292.511,"X좌표16":269.511,"X좌표15":269.511,"X좌표14":285.511,"X좌표13":279.511,"X좌표12":265.511,"X좌표11":250.511,"Y좌표4":685.008,"X좌표10":245.511,"Y좌표3":671.008,"Y좌표2":622.008,"Y좌표1":441.009,"Y좌표8":540.008,"Y좌표7":630.008,"Y좌표6":681.008,"Y좌표5":688.008,"Y좌표15":687.008,"Y좌표14":680.008,"X좌표8":265.511,"Y좌표17":740.463,"X좌표9":250.511,"Y좌표16":741.463,"Y좌표11":495.009,"Y좌표10":450.009,"Y좌표13":635.008,"Y좌표12":542.008,"X좌표23":193.511,"X좌표22":245.511,"X좌표2":229.511,"X좌표21":318.511,"X좌표3":231.511,"X좌표20":314.511,"X좌표1":193.511,"X좌표6":283.511,"Y좌표19":565.463,"X좌표7":278.511,"Y좌표18":741.463,"X좌표4":242.511,"X좌표5":271.511}],"원피스":[{}],"상의":[{}]},"라벨링":{"스타일":[{"스타일":"스트리트"}],"아우터":[{"기장":"롱","색상":"블랙","카테고리":"베스트","디테일":["지퍼","포켓"],"소매기장":"민소매","소재":["패딩"],"핏":"노멀"}],"하의":[{"기장":"발목","색상":"화이트","카테고리":"팬츠","소재":["우븐"],"핏":"노멀"}],"원피스":[{}],"상의":[{"카테고리":"니트웨어","소재":["니트"]}]}},"파일 번호":40204,"파일 이름":"Eirene_054_10.jpg"}}