{"이미지 정보":{"이미지 식별자":229124,"이미지 높이":800,"이미지 파일명":"pennyblue_183_00_U_자수항공jp.jpg","이미지 너비":800},"데이터셋 정보":{"파일 생성일자":"2020-09-07 04:24:43","데이터셋 상세설명":{"렉트좌표":{"아우터":[{"X좌표":239.933,"Y좌표":1.49999,"가로":509,"세로":547}],"하의":[{}],"원피스":[{}],"상의":[{}]},"폴리곤좌표":{"아우터":[{"X좌표37":428.433,"X좌표36":414.433,"X좌표35":396.433,"X좌표34":375.433,"X좌표33":374.433,"X좌표32":369.433,"X좌표31":362.433,"X좌표30":331.433,"Y좌표37":22.0,"Y좌표36":70.0,"X좌표8":397.433,"X좌표9":401.433,"Y좌표33":322.0,"Y좌표32":431.0,"Y좌표35":141.0,"Y좌표34":214.0,"Y좌표31":501.0,"Y좌표30":514.0,"X좌표2":507.433,"X좌표3":476.433,"X좌표1":424.433,"X좌표6":405.433,"X좌표7":378.433,"X좌표4":440.433,"X좌표5":435.433,"Y좌표26":342.0,"Y좌표25":205.0,"Y좌표28":440.0,"Y좌표9":513.0,"Y좌표27":401.0,"Y좌표22":1.99999,"Y좌표21":6.99999,"Y좌표24":69.0,"Y좌표23":37.0,"Y좌표20":23.0,"X좌표19":630.433,"X좌표18":699.433,"X좌표17":750.433,"X좌표16":694.433,"X좌표15":629.433,"X좌표14":620.433,"X좌표13":597.433,"X좌표12":576.433,"X좌표11":523.433,"Y좌표4":53.0,"X좌표10":457.433,"Y좌표3":46.0,"Y좌표2":5.99999,"Y좌표1":19.0,"Y좌표8":503.0,"Y좌표7":410.0,"Y좌표29":523.0,"Y좌표6":198.0,"Y좌표5":56.0,"Y좌표15":400.0,"Y좌표14":486.0,"Y좌표17":285.0,"Y좌표16":364.0,"Y좌표11":526.0,"Y좌표10":502.0,"Y좌표13":550.0,"Y좌표12":542.0,"X좌표29":290.433,"X좌표28":285.433,"X좌표27":280.433,"X좌표26":240.433,"X좌표25":269.433,"X좌표24":328.433,"X좌표23":391.433,"X좌표22":401.433,"X좌표21":540.433,"X좌표20":546.433,"Y좌표19":62.0,"Y좌표18":172.0}],"하의":[{}],"원피스":[{}],"상의":[{}]},"라벨링":{"스타일":[{"스타일":"젠더리스","서브스타일":"밀리터리"}],"아우터":[{"기장":"노말","색상":"퍼플","서브색상":"화이트","카테고리":"점퍼","옷깃":"숄칼라","디테일":["지퍼"],"소매기장":"긴팔","소재":["우븐"],"프린트":["무지"],"핏":"노멀"}],"하의":[{}],"원피스":[{}],"상의":[{}]}},"파일 번호":229124,"파일 이름":"pennyblue_183_00_U_자수항공jp.jpg"}}