{"이미지 정보":{"이미지 식별자":1217883,"이미지 높이":1049,"이미지 파일명":"sk3013k08-sk3013k08-s_1.jpg","이미지 너비":800},"데이터셋 정보":{"파일 생성일자":"2020-11-18 14:32:57","데이터셋 상세설명":{"렉트좌표":{"아우터":[{}],"하의":[{"X좌표":287.107,"Y좌표":156.491,"가로":284,"세로":346}],"원피스":[{}],"상의":[{"X좌표":206.219,"Y좌표":0.506843,"가로":374,"세로":298}]},"폴리곤좌표":{"아우터":[{}],"하의":[{"Y좌표9":503.957,"X좌표15":339.535,"X좌표14":316.567,"X좌표13":295.596,"X좌표12":287.607,"X좌표11":287.607,"Y좌표4":197.987,"X좌표10":389.465,"Y좌표3":156.991,"Y좌표2":169.99,"Y좌표1":165.99,"Y좌표8":495.958,"Y좌표7":486.959,"Y좌표6":358.971,"Y좌표5":285.979,"Y좌표15":166.99,"Y좌표14":223.985,"X좌표8":560.228,"X좌표9":511.296,"Y좌표11":491.958,"Y좌표10":498.957,"Y좌표13":296.977,"Y좌표12":412.966,"X좌표2":412.433,"X좌표3":515.29,"X좌표1":337.537,"X좌표6":557.232,"X좌표7":572.211,"X좌표4":535.262,"X좌표5":556.233}],"원피스":[{}],"상의":[{"Y좌표9":177.989,"Y좌표20":7.00625,"X좌표19":225.693,"X좌표18":206.719,"X좌표17":231.685,"X좌표16":295.596,"X좌표15":326.553,"X좌표14":322.558,"X좌표13":302.586,"X좌표12":313.571,"X좌표11":323.557,"Y좌표4":200.987,"X좌표10":333.543,"Y좌표3":112.996,"Y좌표2":1.00684,"Y좌표1":4.00654,"Y좌표8":169.99,"Y좌표7":230.984,"Y좌표6":299.977,"Y좌표5":296.977,"Y좌표15":176.989,"Y좌표14":122.995,"X좌표8":508.3,"Y좌표17":180.989,"X좌표9":422.419,"Y좌표16":182.989,"Y좌표11":123.995,"Y좌표10":172.99,"Y좌표13":116.995,"Y좌표12":52.0018,"X좌표2":581.199,"X좌표3":568.217,"X좌표20":252.656,"X좌표1":250.658,"X좌표6":543.251,"Y좌표19":99.997,"X좌표7":528.272,"Y좌표18":153.992,"X좌표4":572.211,"X좌표5":569.215}]},"라벨링":{"스타일":[{"스타일":"프레피"}],"아우터":[{}],"하의":[{"기장":"미니","색상":"베이지","서브색상":"브라운","카테고리":"스커트","프린트":["체크"],"핏":"스키니"}],"원피스":[{}],"상의":[{"기장":"노멀","색상":"핑크","카테고리":"탑","소매기장":"긴팔","소재":["우븐","울\/캐시미어"],"프린트":["무지"],"넥라인":"보트넥","핏":"타이트"}]}},"파일 번호":1217883,"파일 이름":"sk3013k08-sk3013k08-s_1.jpg"}}