{"이미지 정보":{"이미지 식별자":182409,"이미지 높이":800,"이미지 파일명":"doorim_1182_07.jpg","이미지 너비":800},"데이터셋 정보":{"파일 생성일자":"2020-09-03 01:29:42","데이터셋 상세설명":{"렉트좌표":{"아우터":[{}],"하의":[{}],"원피스":[{"X좌표":247.933,"Y좌표":5.49999,"가로":300,"세로":648}],"상의":[{}]},"폴리곤좌표":{"아우터":[{}],"하의":[{}],"원피스":[{"Y좌표9":609.0,"Y좌표22":5.99999,"Y좌표21":5.99999,"Y좌표24":30.0,"Y좌표23":31.0,"Y좌표20":37.0,"X좌표19":257.433,"X좌표18":262.433,"X좌표17":321.433,"X좌표16":304.433,"X좌표15":285.433,"X좌표14":270.433,"X좌표13":248.433,"X좌표12":251.433,"X좌표11":351.433,"Y좌표4":96.0,"X좌표10":444.433,"Y좌표3":11.0,"Y좌표2":7.99999,"Y좌표1":5.99999,"Y좌표8":335.0,"Y좌표7":187.0,"Y좌표6":114.0,"Y좌표5":117.0,"Y좌표15":374.0,"Y좌표14":455.0,"X좌표8":513.433,"Y좌표17":202.0,"X좌표9":505.433,"Y좌표16":277.0,"Y좌표11":652.0,"Y좌표10":655.0,"Y좌표13":546.0,"Y좌표12":624.0,"X좌표24":415.433,"X좌표23":381.433,"X좌표22":351.433,"X좌표2":459.433,"X좌표21":322.433,"X좌표3":518.433,"X좌표20":278.433,"X좌표1":417.433,"X좌표6":496.433,"Y좌표19":108.0,"X좌표7":472.433,"Y좌표18":196.0,"X좌표4":549.433,"X좌표5":521.433}],"상의":[{}]},"라벨링":{"스타일":[{"스타일":"오리엔탈","서브스타일":"로맨틱"}],"아우터":[{}],"하의":[{}],"원피스":[{"기장":"미디","색상":"퍼플","서브색상":"화이트","카테고리":"드레스","디테일":["띠","플리츠"],"소매기장":"반팔","소재":["우븐"],"프린트":["페이즐리"],"넥라인":"스퀘어넥","핏":"노멀"}],"상의":[{}]}},"파일 번호":182409,"파일 이름":"doorim_1182_07.jpg"}}