{"이미지 정보":{"이미지 식별자":100674,"이미지 높이":800,"이미지 파일명":"Ave29Th_476_02.jpg","이미지 너비":800},"데이터셋 정보":{"파일 생성일자":"2020-08-10 08:37:22","데이터셋 상세설명":{"렉트좌표":{"아우터":[{}],"하의":[{}],"원피스":[{}],"상의":[{"X좌표":248.529,"Y좌표":2.51144,"가로":442,"세로":672}]},"폴리곤좌표":{"아우터":[{}],"하의":[{}],"원피스":[{}],"상의":[{"Y좌표9":423.427,"X좌표16":596.545,"X좌표15":531.636,"X좌표14":421.788,"X좌표13":405.811,"X좌표12":320.929,"X좌표11":259.015,"Y좌표4":453.385,"X좌표10":249.029,"Y좌표3":252.664,"Y좌표2":71.9156,"Y좌표1":15.9934,"Y좌표8":615.16,"Y좌표7":675.077,"Y좌표6":646.117,"Y좌표5":566.228,"Y좌표15":3.01144,"Y좌표14":9.0031,"X좌표8":270.998,"X좌표9":309.944,"Y좌표16":16.992,"Y좌표11":222.706,"Y좌표10":355.521,"Y좌표13":33.9684,"Y좌표12":56.9364,"X좌표2":648.473,"X좌표3":681.427,"X좌표1":588.556,"X좌표6":620.512,"X좌표7":403.813,"X좌표4":691.413,"X좌표5":670.443}]},"라벨링":{"스타일":[{"스타일":"히피","서브스타일":"모던"}],"아우터":[{}],"하의":[{}],"원피스":[{}],"상의":[{"기장":"롱","색상":"화이트","서브색상":"오렌지","카테고리":"블라우스","옷깃":"셔츠칼라","디테일":["퍼프"],"소매기장":"긴팔","소재":["시폰"],"프린트":["플로럴"],"핏":"루즈"}]}},"파일 번호":100674,"파일 이름":"Ave29Th_476_02.jpg"}}