{"이미지 정보":{"이미지 식별자":536787,"이미지 높이":800,"이미지 파일명":"ops5168k07-600_6.jpg","이미지 너비":800},"데이터셋 정보":{"파일 생성일자":"2020-10-14 15:17:35","데이터셋 상세설명":{"렉트좌표":{"아우터":[{}],"하의":[{}],"원피스":[{"X좌표":208.375,"Y좌표":-1.48438,"가로":345,"세로":666}],"상의":[{"X좌표":281.436,"Y좌표":-0.460962,"가로":274,"세로":241}]},"폴리곤좌표":{"아우터":[{}],"하의":[{}],"원피스":[{"Y좌표9":422.016,"X좌표14":347.875,"X좌표13":491.875,"X좌표12":554.875,"X좌표11":481.875,"Y좌표4":589.016,"X좌표10":521.875,"Y좌표3":221.016,"Y좌표2":31.0156,"Y좌표1":-0.984375,"Y좌표8":644.016,"Y좌표7":656.016,"Y좌표6":666.016,"Y좌표5":653.016,"Y좌표14":4.01562,"X좌표8":482.875,"X좌표9":512.875,"Y좌표11":168.016,"Y좌표10":247.016,"Y좌표13":2.01562,"Y좌표12":23.0156,"X좌표2":311.875,"X좌표3":311.875,"X좌표1":346.875,"X좌표6":352.875,"X좌표7":429.875,"X좌표4":208.875,"X좌표5":242.875}],"상의":[{"Y좌표9":235.894,"X좌표18":346.896,"X좌표17":484.811,"X좌표16":514.792,"X좌표15":533.781,"X좌표14":536.779,"X좌표13":556.767,"X좌표12":541.776,"X좌표11":535.78,"Y좌표4":143.95,"X좌표10":491.807,"Y좌표3":79.9898,"Y좌표2":57.004,"Y좌표1":3.03719,"Y좌표8":241.89,"Y좌표7":232.896,"Y좌표6":194.919,"Y좌표5":182.926,"Y좌표15":17.0286,"Y좌표14":35.0175,"X좌표8":311.917,"Y좌표17":3.03719,"X좌표9":326.908,"Y좌표16":0.0390385,"Y좌표11":220.903,"Y좌표10":235.894,"Y좌표13":146.949,"Y좌표12":184.925,"X좌표2":307.92,"X좌표3":308.919,"X좌표1":347.895,"X좌표6":301.923,"X좌표7":295.927,"Y좌표18":3.03719,"X좌표4":281.936,"X좌표5":289.931}]},"라벨링":{"스타일":[{"스타일":"오리엔탈","서브스타일":"모던"}],"아우터":[{}],"하의":[{}],"원피스":[{"기장":"미디","색상":"그레이","카테고리":"드레스","디테일":["셔링"],"소매기장":"민소매","소재":["우븐"],"프린트":["플로럴"],"넥라인":"브이넥","핏":"루즈"}],"상의":[{"카테고리":"티셔츠","소재":["우븐"],"프린트":["무지"],"핏":"노멀"}]}},"파일 번호":536787,"파일 이름":"ops5168k07-600_6.jpg"}}