{"이미지 정보":{"이미지 식별자":100204,"이미지 높이":800,"이미지 파일명":"Ave29Th_448_06.jpg","이미지 너비":800},"데이터셋 정보":{"파일 생성일자":"2020-08-10 08:34:28","데이터셋 상세설명":{"렉트좌표":{"아우터":[{}],"하의":[{}],"원피스":[{}],"상의":[{"X좌표":127.329,"Y좌표":3.50138,"가로":530,"세로":620}]},"폴리곤좌표":{"아우터":[{}],"하의":[{}],"원피스":[{}],"상의":[{"X좌표8":147.801,"X좌표9":482.336,"X좌표2":147.801,"X좌표3":127.829,"X좌표1":253.654,"X좌표6":145.804,"X좌표7":148.8,"X좌표4":153.793,"X좌표5":132.822,"Y좌표26":242.669,"Y좌표25":167.774,"Y좌표28":123.835,"Y좌표9":624.472,"Y좌표27":176.761,"Y좌표22":18.9805,"Y좌표21":4.00138,"Y좌표24":111.851,"Y좌표23":75.9014,"Y좌표20":29.9653,"X좌표19":528.272,"X좌표18":595.179,"X좌표17":631.129,"X좌표16":612.156,"X좌표15":646.108,"X좌표14":658.092,"X좌표13":558.231,"X좌표12":551.24,"X좌표11":539.257,"Y좌표4":277.621,"X좌표10":492.322,"Y좌표3":230.686,"Y좌표2":143.807,"Y좌표1":78.8972,"Y좌표8":555.568,"Y좌표7":539.368,"Y좌표29":21.9764,"Y좌표6":478.453,"Y좌표5":378.481,"Y좌표15":278.841,"Y좌표14":358.841,"Y좌표17":131.824,"Y좌표16":177.76,"Y좌표11":526.608,"Y좌표10":536.594,"Y좌표13":393.793,"Y좌표12":450.713,"X좌표29":373.487,"X좌표28":306.581,"X좌표27":290.603,"X좌표26":251.657,"X좌표25":222.697,"X좌표24":225.693,"X좌표23":259.646,"X좌표22":383.474,"X좌표21":431.407,"X좌표20":499.312,"Y좌표19":30.9639,"Y좌표18":98.8694}]},"라벨링":{"스타일":[{"스타일":"키치","서브스타일":"레트로"}],"아우터":[{}],"하의":[{}],"원피스":[{}],"상의":[{"색상":"블랙","서브색상":"화이트","카테고리":"블라우스","옷깃":"보우칼라","소매기장":"반팔","소재":["우븐"],"프린트":["도트"],"넥라인":"브이넥","핏":"노멀"}]}},"파일 번호":100204,"파일 이름":"Ave29Th_448_06.jpg"}}