{"이미지 정보":{"이미지 식별자":1193382,"이미지 높이":1049,"이미지 파일명":"t4309c06-t4309c06-s_7.jpg","이미지 너비":800},"데이터셋 정보":{"파일 생성일자":"2020-11-17 18:48:25","데이터셋 상세설명":{"렉트좌표":{"아우터":[{}],"하의":[{}],"원피스":[{}],"상의":[{"X좌표":0.203125,"Y좌표":163.5,"가로":778,"세로":653}]},"폴리곤좌표":{"아우터":[{}],"하의":[{}],"원피스":[{}],"상의":[{"X좌표39":456.703,"X좌표38":488.703,"X좌표37":502.703,"X좌표36":526.703,"X좌표35":535.703,"X좌표34":519.703,"X좌표33":475.703,"X좌표32":435.703,"X좌표31":380.703,"X좌표30":338.703,"X좌표49":741.703,"X좌표48":766.703,"X좌표47":778.703,"X좌표46":770.703,"X좌표45":750.703,"X좌표44":721.703,"X좌표43":698.703,"X좌표42":667.703,"X좌표41":645.703,"X좌표40":642.703,"Y좌표26":760.0,"Y좌표25":667.0,"Y좌표28":806.0,"Y좌표27":805.0,"Y좌표22":483.0,"Y좌표21":486.0,"Y좌표24":607.0,"Y좌표23":547.0,"Y좌표20":512.0,"X좌표59":510.703,"X좌표58":492.703,"X좌표57":464.703,"X좌표56":430.703,"X좌표55":417.703,"X좌표54":421.703,"X좌표53":459.703,"X좌표52":643.703,"X좌표51":684.703,"X좌표50":714.703,"Y좌표29":805.0,"Y좌표15":457.0,"Y좌표14":470.0,"Y좌표17":515.0,"Y좌표16":504.0,"Y좌표11":431.0,"Y좌표10":357.0,"Y좌표13":486.0,"Y좌표12":484.0,"Y좌표19":535.0,"Y좌표18":529.0,"X좌표60":497.703,"Y좌표48":416.0,"Y좌표47":431.0,"Y좌표49":432.0,"Y좌표44":485.0,"Y좌표43":487.0,"Y좌표46":461.0,"Y좌표45":465.0,"Y좌표40":475.0,"Y좌표42":508.0,"Y좌표41":508.0,"Y좌표37":687.0,"Y좌표36":755.0,"X좌표8":286.703,"Y좌표39":524.0,"X좌표9":340.703,"Y좌표38":634.0,"Y좌표33":800.0,"Y좌표32":801.0,"Y좌표35":785.0,"Y좌표34":809.0,"Y좌표31":810.0,"Y좌표30":817.0,"X좌표2":445.703,"X좌표3":389.703,"X좌표1":493.703,"X좌표6":254.703,"X좌표7":274.703,"X좌표4":374.703,"X좌표5":291.703,"Y좌표9":323.0,"Y좌표60":164.0,"X좌표19":108.703,"X좌표18":71.7031,"X좌표17":33.7031,"X좌표16":0.703125,"X좌표15":1.70312,"X좌표14":38.7031,"X좌표13":107.703,"X좌표12":330.703,"X좌표11":339.703,"Y좌표4":259.0,"X좌표10":352.703,"Y좌표3":266.0,"Y좌표2":221.0,"Y좌표1":166.0,"Y좌표8":287.0,"Y좌표7":268.0,"Y좌표6":205.0,"Y좌표5":221.0,"Y좌표59":193.0,"Y좌표58":227.0,"Y좌표55":360.0,"Y좌표54":413.0,"Y좌표57":272.0,"Y좌표56":316.0,"Y좌표51":454.0,"Y좌표50":445.0,"Y좌표53":523.0,"Y좌표52":473.0,"X좌표29":304.703,"X좌표28":291.703,"X좌표27":269.703,"X좌표26":273.703,"X좌표25":292.703,"X좌표24":300.703,"X좌표23":312.703,"X좌표22":328.703,"X좌표21":109.703,"X좌표20":111.703}]},"라벨링":{"스타일":[{"스타일":"키치","서브스타일":"레트로"}],"아우터":[{"색상":"블루","소매기장":"반팔"}],"하의":[{}],"원피스":[{}],"상의":[{"기장":"크롭","색상":"옐로우","카테고리":"블라우스","소매기장":"반팔","소재":["우븐"],"프린트":["무지"],"넥라인":"브이넥","핏":"타이트"}]}},"파일 번호":1193382,"파일 이름":"t4309c06-t4309c06-s_7.jpg"}}