{"이미지 정보":{"이미지 식별자":910832,"이미지 높이":800,"이미지 파일명":"20190513(대행)-할당-t3158k95(2)지샵걸(대행,도도나시)5.14-1-IMG_2569.jpg","이미지 너비":800},"데이터셋 정보":{"파일 생성일자":"2020-11-06 14:42:46","데이터셋 상세설명":{"렉트좌표":{"아우터":[{}],"하의":[{"X좌표":317.5,"Y좌표":147.509,"가로":207,"세로":406}],"원피스":[{}],"상의":[{"X좌표":323.5,"Y좌표":-0.49147,"가로":231,"세로":206}]},"폴리곤좌표":{"아우터":[{}],"하의":[{"Y좌표9":540.009,"X좌표16":364.0,"X좌표15":340.0,"X좌표14":325.0,"X좌표13":318.0,"X좌표12":336.0,"X좌표11":359.0,"Y좌표4":355.009,"X좌표10":384.0,"Y좌표3":241.009,"Y좌표2":148.009,"Y좌표1":151.009,"Y좌표8":544.009,"Y좌표7":552.009,"Y좌표6":539.009,"Y좌표5":533.009,"Y좌표15":225.009,"Y좌표14":357.009,"X좌표8":434.0,"X좌표9":412.0,"Y좌표16":148.009,"Y좌표11":554.009,"Y좌표10":551.009,"Y좌표13":521.009,"Y좌표12":543.009,"X좌표2":491.0,"X좌표3":513.0,"X좌표1":364.0,"X좌표6":495.0,"X좌표7":468.0,"X좌표4":523.0,"X좌표5":525.0}],"원피스":[{}],"상의":[{"Y좌표9":151.009,"X좌표14":326.0,"X좌표13":437.0,"X좌표12":555.0,"X좌표11":534.0,"Y좌표4":191.009,"X좌표10":513.0,"Y좌표3":206.009,"Y좌표2":138.009,"Y좌표1":2.00853,"Y좌표8":182.009,"Y좌표7":194.009,"Y좌표6":171.009,"Y좌표5":176.009,"Y좌표14":2.00853,"X좌표8":517.0,"X좌표9":522.0,"Y좌표11":53.0085,"Y좌표10":143.009,"Y좌표13":0.00852966,"Y좌표12":1.00853,"X좌표2":356.0,"X좌표3":343.0,"X좌표1":324.0,"X좌표6":463.0,"X좌표7":491.0,"X좌표4":392.0,"X좌표5":433.0}]},"라벨링":{"스타일":[{"스타일":"키치","서브스타일":"레트로"}],"아우터":[{}],"하의":[{"기장":"미디","색상":"핑크","서브색상":"와인","카테고리":"스커트","소재":["시폰"],"프린트":["플로럴"],"핏":"루즈"}],"원피스":[{}],"상의":[{"색상":"화이트","서브색상":"그린","카테고리":"티셔츠","소매기장":"민소매","소재":["저지"],"프린트":["그래픽"],"넥라인":"유넥","핏":"루즈"}]}},"파일 번호":910832,"파일 이름":"20190513(대행)-할당-t3158k95(2)지샵걸(대행,도도나시)5.14-1-IMG_2569.jpg"}}