{"이미지 정보":{"이미지 식별자":1044007,"이미지 높이":1049,"이미지 파일명":"nb1248k09-nb1248k09-s_13.jpg","이미지 너비":800},"데이터셋 정보":{"파일 생성일자":"2020-11-11 15:42:31","데이터셋 상세설명":{"렉트좌표":{"아우터":[{"X좌표":146.5,"Y좌표":25.4972,"가로":560,"세로":681}],"하의":[{}],"원피스":[{}],"상의":[{"X좌표":133.5,"Y좌표":3.49958,"가로":640,"세로":869}]},"폴리곤좌표":{"아우터":[{"Y좌표9":675.928,"Y좌표22":253.973,"Y좌표21":121.987,"Y좌표24":68.9927,"Y좌표23":293.969,"Y좌표20":25.9972,"X좌표19":577.0,"X좌표18":707.0,"X좌표17":660.0,"X좌표16":640.0,"X좌표15":652.0,"X좌표14":651.0,"X좌표13":654.0,"X좌표12":507.0,"X좌표11":372.0,"Y좌표4":180.981,"X좌표10":292.0,"Y좌표3":135.986,"Y좌표2":94.9899,"Y좌표1":67.9928,"Y좌표8":555.941,"Y좌표7":458.951,"Y좌표6":376.96,"Y좌표5":256.973,"Y좌표15":334.853,"Y좌표14":440.842,"X좌표8":194.0,"Y좌표17":241.974,"X좌표9":213.0,"Y좌표16":292.969,"Y좌표11":706.814,"Y좌표10":687.816,"Y좌표13":603.825,"Y좌표12":707.814,"X좌표24":302.0,"X좌표23":365.0,"X좌표22":412.0,"X좌표2":240.0,"X좌표21":483.0,"X좌표3":147.0,"X좌표20":510.0,"X좌표1":300.0,"X좌표6":206.0,"Y좌표19":54.9942,"X좌표7":191.0,"Y좌표18":149.984,"X좌표4":148.0,"X좌표5":187.0}],"하의":[{}],"원피스":[{}],"상의":[{"X좌표39":320.0,"X좌표38":380.0,"X좌표37":476.0,"X좌표36":600.0,"X좌표35":692.0,"X좌표34":721.0,"X좌표33":772.0,"X좌표32":774.0,"X좌표31":671.0,"X좌표30":654.0,"Y좌표37":3.99958,"Y좌표36":58.9938,"X좌표8":151.0,"Y좌표39":34.9963,"X좌표9":194.0,"Y좌표38":255.973,"Y좌표33":254.973,"Y좌표32":559.83,"Y좌표35":128.986,"Y좌표34":168.982,"Y좌표31":523.833,"Y좌표30":495.836,"X좌표2":282.0,"X좌표3":240.0,"X좌표1":321.0,"X좌표6":134.0,"X좌표7":162.0,"X좌표4":199.0,"X좌표5":144.0,"Y좌표26":632.822,"Y좌표25":760.808,"Y좌표28":388.848,"Y좌표9":492.837,"Y좌표27":330.854,"Y좌표22":759.808,"Y좌표21":692.815,"Y좌표24":811.803,"Y좌표23":829.801,"Y좌표20":708.814,"X좌표19":511.0,"X좌표18":492.0,"X좌표17":403.0,"X좌표16":365.0,"X좌표15":263.0,"X좌표14":217.0,"X좌표13":205.0,"X좌표12":189.0,"X좌표11":202.0,"Y좌표4":101.989,"X좌표10":199.0,"Y좌표3":96.9897,"Y좌표2":62.9933,"Y좌표1":28.9969,"Y좌표8":478.949,"Y좌표7":368.961,"Y좌표29":447.841,"Y좌표6":216.977,"Y좌표5":152.984,"Y좌표15":808.803,"Y좌표14":775.807,"Y좌표17":870.797,"Y좌표16":873.796,"Y좌표11":644.821,"Y좌표10":625.823,"Y좌표13":718.813,"Y좌표12":681.817,"X좌표29":693.0,"X좌표28":699.0,"X좌표27":632.0,"X좌표26":629.0,"X좌표25":616.0,"X좌표24":593.0,"X좌표23":549.0,"X좌표22":555.0,"X좌표21":549.0,"X좌표20":523.0,"Y좌표19":829.801,"Y좌표18":845.799}]},"라벨링":{"스타일":[{"스타일":"매니시"}],"아우터":[{"기장":"크롭","색상":"그레이","카테고리":"베스트","디테일":["포켓"],"소매기장":"민소매","소재":["울\/캐시미어"],"프린트":["무지"],"넥라인":"브이넥","핏":"루즈"}],"하의":[{}],"원피스":[{}],"상의":[{"기장":"롱","색상":"화이트","카테고리":"셔츠","옷깃":"테일러드칼라","소매기장":"7부소매","소재":["우븐"],"프린트":["무지"],"핏":"노멀"}]}},"파일 번호":1044007,"파일 이름":"nb1248k09-nb1248k09-s_13.jpg"}}