{"이미지 정보":{"이미지 식별자":1031925,"이미지 높이":1049,"이미지 파일명":"jk1900c9al-jk1900c9al-s_2.jpg","이미지 너비":800},"데이터셋 정보":{"파일 생성일자":"2020-11-11 14:34:04","데이터셋 상세설명":{"렉트좌표":{"아우터":[{"X좌표":48.4389,"Y좌표":0.506843,"가로":723,"세로":1045}],"하의":[{"X좌표":176.261,"Y좌표":365.359,"가로":338,"세로":450}],"원피스":[{}],"상의":[{"X좌표":248.161,"Y좌표":71.4998,"가로":196,"세로":303}]},"폴리곤좌표":{"아우터":[{"X좌표39":178.758,"X좌표38":207.718,"X좌표37":210.714,"X좌표36":217.704,"X좌표35":238.675,"X좌표34":259.646,"X좌표33":268.633,"X좌표32":280.617,"X좌표31":299.59,"X좌표30":385.471,"X좌표49":206.719,"X좌표48":245.665,"X좌표47":293.599,"X좌표46":291.601,"X좌표45":293.599,"X좌표44":282.614,"X좌표43":292.6,"X좌표42":193.737,"X좌표41":201.726,"X좌표40":155.79,"Y좌표26":294.2,"Y좌표25":428.187,"Y좌표28":54.0016,"Y좌표27":143.993,"Y좌표22":847.589,"Y좌표21":969.577,"Y좌표24":593.17,"Y좌표23":768.597,"Y좌표20":1044.57,"X좌표59":163.779,"X좌표58":138.814,"X좌표57":105.86,"X좌표56":86.8861,"X좌표55":105.86,"X좌표54":97.8708,"X좌표53":86.8861,"X좌표52":68.9111,"X좌표51":48.9389,"X좌표50":187.746,"Y좌표29":20.005,"Y좌표15":895.585,"Y좌표14":818.814,"Y좌표17":1002.57,"Y좌표16":962.578,"Y좌표11":569.95,"Y좌표10":552.952,"Y좌표13":692.827,"Y좌표12":568.95,"X좌표68":372.489,"X좌표67":297.593,"X좌표66":286.608,"X좌표65":251.657,"X좌표64":212.711,"X좌표63":163.779,"X좌표62":155.79,"Y좌표19":1046.57,"X좌표61":178.758,"Y좌표18":1025.57,"X좌표60":146.803,"Y좌표48":999.241,"Y좌표47":949.246,"Y좌표49":1031.24,"Y좌표44":799.261,"Y좌표43":780.818,"Y좌표46":909.25,"Y좌표45":851.256,"Y좌표40":642.832,"Y좌표42":750.821,"Y좌표41":667.829,"Y좌표37":391.857,"Y좌표36":309.976,"X좌표8":677.065,"Y좌표39":522.844,"X좌표9":707.024,"Y좌표38":496.846,"Y좌표33":141.993,"Y좌표32":102.997,"Y좌표35":261.981,"Y좌표34":195.987,"Y좌표31":53.0017,"Y좌표30":18.0052,"X좌표2":402.447,"X좌표3":431.407,"X좌표1":371.49,"X좌표6":558.231,"X좌표7":622.142,"X좌표4":460.367,"X좌표5":499.312,"Y좌표9":490.958,"Y좌표66":33.0037,"Y좌표65":54.0016,"Y좌표68":7.00625,"Y좌표67":43.0027,"Y좌표62":138.993,"Y좌표61":168.99,"Y좌표64":83.9986,"Y좌표63":122.995,"Y좌표60":191.988,"X좌표19":576.206,"X좌표18":618.147,"X좌표17":667.079,"X좌표16":736.982,"X좌표15":772.932,"X좌표14":735.983,"X좌표13":691.046,"X좌표12":651.101,"X좌표11":682.058,"Y좌표4":6.00635,"X좌표10":720.005,"Y좌표3":9.00605,"Y좌표2":1.00684,"Y좌표1":3.00664,"Y좌표8":405.967,"Y좌표7":270.98,"Y좌표6":113.996,"Y좌표5":21.0049,"Y좌표59":241.983,"Y좌표58":353.972,"Y좌표55":628.389,"Y좌표54":670.274,"Y좌표57":531.399,"Y좌표56":610.391,"Y좌표51":1045.24,"Y좌표50":1046.24,"Y좌표53":786.262,"Y좌표52":926.248,"X좌표29":393.46,"X좌표28":400.45,"X좌표27":416.428,"X좌표26":423.418,"X좌표25":442.392,"X좌표24":469.354,"X좌표23":495.318,"X좌표22":507.301,"X좌표21":520.283,"X좌표20":535.262}],"하의":[{"X좌표30":317.565,"X좌표8":503.307,"X좌표9":515.29,"Y좌표30":399.856,"X좌표2":372.489,"X좌표3":413.432,"X좌표1":326.553,"X좌표6":478.342,"X좌표7":492.322,"X좌표4":446.386,"X좌표5":461.365,"Y좌표26":669.829,"Y좌표25":737.823,"Y좌표28":436.852,"Y좌표9":771.819,"Y좌표27":456.85,"Y좌표22":781.818,"Y좌표21":797.817,"Y좌표24":759.82,"Y좌표23":774.819,"Y좌표20":799.816,"X좌표19":338.536,"X좌표18":355.512,"X좌표17":367.496,"X좌표16":386.469,"X좌표15":385.471,"X좌표14":416.428,"X좌표13":436.4,"X좌표12":432.406,"X좌표11":483.335,"Y좌표4":365.859,"X좌표10":513.293,"Y좌표3":374.859,"Y좌표2":385.857,"Y좌표1":397.856,"Y좌표8":714.825,"Y좌표7":634.833,"Y좌표29":412.855,"Y좌표6":555.841,"Y좌표5":464.85,"Y좌표15":805.816,"Y좌표14":816.815,"Y좌표17":789.817,"Y좌표16":790.817,"Y좌표11":814.815,"Y좌표10":802.816,"Y좌표13":814.815,"Y좌표12":801.816,"X좌표29":302.586,"X좌표28":270.631,"X좌표27":248.661,"X좌표26":189.743,"X좌표25":179.757,"X좌표24":176.761,"X좌표23":189.743,"X좌표22":212.711,"X좌표21":263.64,"X좌표20":313.571,"Y좌표19":794.817,"Y좌표18":788.817}],"원피스":[{}],"상의":[{"Y좌표9":125.994,"Y좌표22":130.994,"Y좌표21":181.989,"Y좌표24":81.9988,"Y좌표23":100.997,"Y좌표20":211.986,"X좌표19":259.646,"X좌표18":259.646,"X좌표17":260.644,"X좌표16":293.599,"X좌표15":326.553,"X좌표14":367.496,"X좌표13":413.432,"X좌표12":445.387,"X좌표11":438.397,"Y좌표4":155.991,"X좌표10":428.411,"Y좌표3":136.993,"Y좌표2":113.996,"Y좌표1":75.9994,"Y좌표8":71.9998,"Y좌표7":95.9974,"Y좌표6":121.995,"Y좌표5":153.992,"Y좌표15":361.971,"Y좌표14":346.972,"X좌표8":412.433,"Y좌표17":369.97,"X좌표9":423.418,"Y좌표16":375.97,"Y좌표11":267.98,"Y좌표10":206.986,"Y좌표13":330.974,"Y좌표12":306.976,"X좌표24":273.626,"X좌표23":263.64,"X좌표22":258.647,"X좌표2":293.599,"X좌표21":248.661,"X좌표3":311.574,"X좌표20":256.65,"X좌표1":272.628,"X좌표6":383.474,"Y좌표19":273.98,"X좌표7":395.457,"Y좌표18":330.974,"X좌표4":332.544,"X좌표5":352.517}]},"라벨링":{"스타일":[{"스타일":"클래식"}],"아우터":[{"기장":"하프","색상":"베이지","카테고리":"코트","옷깃":"테일러드칼라","소매기장":"긴팔","소재":["울\/캐시미어"],"프린트":["무지"],"핏":"노멀"}],"하의":[{"기장":"미니","색상":"카키","카테고리":"스커트","디테일":["플레어"],"소재":["가죽"],"프린트":["무지"],"핏":"노멀"}],"원피스":[{}],"상의":[{"색상":"와인","카테고리":"티셔츠","소매기장":"없음","소재":["저지"],"프린트":["무지"],"넥라인":"유넥","핏":"타이트"}]}},"파일 번호":1031925,"파일 이름":"jk1900c9al-jk1900c9al-s_2.jpg"}}