{"이미지 정보":{"이미지 식별자":57447,"이미지 높이":800,"이미지 파일명":"chaplin_456_08.jpg","이미지 너비":800},"데이터셋 정보":{"파일 생성일자":"2020-08-10 02:29:21","데이터셋 상세설명":{"렉트좌표":{"아우터":[{}],"하의":[{}],"원피스":[{"X좌표":337.037,"Y좌표":-0.493067,"가로":243,"세로":489}],"상의":[{}]},"폴리곤좌표":{"아우터":[{}],"하의":[{}],"원피스":[{"X좌표8":569.215,"X좌표9":541.254,"X좌표2":508.3,"X좌표3":531.268,"X좌표1":489.326,"X좌표6":571.212,"X좌표7":581.199,"X좌표4":557.232,"X좌표5":568.217,"Y좌표26":19.9792,"Y좌표25":10.9917,"Y좌표9":141.81,"Y좌표27":8.99443,"Y좌표22":113.849,"Y좌표21":202.725,"Y좌표24":22.975,"Y좌표23":38.9528,"Y좌표20":286.608,"X좌표19":365.499,"X좌표18":386.469,"X좌표17":386.469,"X좌표16":392.461,"X좌표15":451.379,"X좌표14":491.324,"X좌표13":550.242,"X좌표12":555.235,"X좌표11":548.244,"Y좌표4":19.9792,"X좌표10":530.269,"Y좌표3":12.9889,"Y좌표2":9.99304,"Y좌표1":0.00693311,"Y좌표8":127.829,"Y좌표7":102.864,"Y좌표6":75.9014,"Y좌표5":59.9236,"Y좌표15":489.326,"Y좌표14":483.335,"Y좌표17":368.494,"Y좌표16":470.353,"Y좌표11":271.629,"Y좌표10":192.739,"Y좌표13":472.35,"Y좌표12":371.49,"X좌표27":490.325,"X좌표26":468.356,"X좌표25":439.396,"X좌표24":419.424,"X좌표23":380.478,"X좌표22":363.501,"X좌표21":348.522,"X좌표20":337.537,"Y좌표19":296.594,"Y좌표18":301.587}],"상의":[{}]},"라벨링":{"스타일":[{"스타일":"클래식","서브스타일":"모던"}],"아우터":[{}],"하의":[{}],"원피스":[{"기장":"니렝스","색상":"블랙","서브색상":"화이트","카테고리":"드레스","디테일":["자수"],"소매기장":"긴팔","소재":["우븐"],"넥라인":"라운드넥","핏":"루즈"}],"상의":[{}]}},"파일 번호":57447,"파일 이름":"chaplin_456_08.jpg"}}