{"이미지 정보":{"이미지 식별자":371083,"이미지 높이":1066,"이미지 파일명":"159945812998135700_691331435.jpg","이미지 너비":800},"데이터셋 정보":{"파일 생성일자":"2020-09-15 02:38:13","데이터셋 상세설명":{"렉트좌표":{"아우터":[{"X좌표":203.5,"Y좌표":0.499625,"가로":388,"세로":620}],"하의":[{"X좌표":223.5,"Y좌표":315.381,"가로":313,"세로":610}],"원피스":[{}],"상의":[{}]},"폴리곤좌표":{"아우터":[{"X좌표34":340.0,"X좌표33":427.0,"X좌표32":366.0,"X좌표31":353.0,"X좌표30":337.0,"X좌표8":592.0,"X좌표9":536.0,"Y좌표33":3.9985,"Y좌표32":60.9771,"Y좌표34":0.999625,"Y좌표31":47.982,"Y좌표30":1.99925,"X좌표2":481.0,"X좌표3":509.0,"X좌표1":428.0,"X좌표6":576.0,"X좌표7":570.0,"X좌표4":545.0,"X좌표5":566.0,"Y좌표26":180.932,"Y좌표25":241.909,"Y좌표28":28.9891,"Y좌표9":449.831,"Y좌표27":96.9636,"Y좌표22":195.926,"Y좌표21":227.914,"Y좌표24":267.899,"Y좌표23":223.916,"Y좌표20":263.901,"X좌표19":263.0,"X좌표18":265.0,"X좌표17":386.0,"X좌표16":396.0,"X좌표15":456.0,"X좌표14":464.0,"X좌표13":484.0,"X좌표12":515.0,"X좌표11":524.0,"Y좌표4":73.9722,"X좌표10":527.0,"Y좌표3":15.994,"Y좌표2":1.99925,"Y좌표1":1.99925,"Y좌표8":443.833,"Y좌표7":344.871,"Y좌표29":1.99925,"Y좌표6":319.88,"Y좌표5":178.933,"Y좌표15":621.167,"Y좌표14":602.774,"Y좌표17":452.23,"Y좌표16":595.177,"Y좌표11":420.842,"Y좌표10":446.832,"Y좌표13":456.829,"Y좌표12":451.83,"X좌표29":272.0,"X좌표28":240.0,"X좌표27":218.0,"X좌표26":204.0,"X좌표25":208.0,"X좌표24":254.0,"X좌표23":257.0,"X좌표22":282.0,"X좌표21":294.0,"X좌표20":288.0,"Y좌표19":332.275,"Y좌표18":440.235}],"하의":[{"X좌표8":449.0,"X좌표9":383.0,"X좌표2":503.0,"X좌표3":519.0,"X좌표1":304.0,"X좌표6":515.0,"X좌표7":537.0,"X좌표4":504.0,"X좌표5":497.0,"Y좌표26":368.862,"Y좌표25":470.223,"Y좌표9":903.061,"Y좌표27":315.881,"Y좌표22":897.063,"Y좌표21":911.058,"Y좌표24":598.175,"Y좌표23":714.132,"Y좌표20":926.052,"X좌표19":335.0,"X좌표18":374.0,"X좌표17":371.0,"X좌표16":365.0,"X좌표15":376.0,"X좌표14":384.0,"X좌표13":409.0,"X좌표12":410.0,"X좌표11":402.0,"Y좌표4":526.802,"X좌표10":400.0,"Y좌표3":443.833,"Y좌표2":321.879,"Y좌표1":315.881,"Y좌표8":901.062,"Y좌표7":878.07,"Y좌표6":718.73,"Y좌표5":619.767,"Y좌표15":600.175,"Y좌표14":494.214,"Y좌표17":824.091,"Y좌표16":720.13,"Y좌표11":599.175,"Y좌표10":746.12,"Y좌표13":440.235,"Y좌표12":467.225,"X좌표27":304.0,"X좌표26":274.0,"X좌표25":276.0,"X좌표24":272.0,"X좌표23":246.0,"X좌표22":224.0,"X좌표21":269.0,"X좌표20":316.0,"Y좌표19":910.058,"Y좌표18":910.058}],"원피스":[{}],"상의":[{}]},"라벨링":{"스타일":[{"스타일":"펑크","서브스타일":"스트리트"}],"아우터":[{"기장":"하프","색상":"카키","카테고리":"재킷","옷깃":"셔츠칼라","디테일":["포켓","띠"],"소매기장":"긴팔","소재":["가죽"],"프린트":["무지"],"핏":"노멀"}],"하의":[{"기장":"발목","색상":"블랙","카테고리":"팬츠","디테일":["슬릿"],"소재":["우븐"],"프린트":["무지"],"핏":"와이드"}],"원피스":[{}],"상의":[{}]}},"파일 번호":371083,"파일 이름":"159945812998135700_691331435.jpg"}}