{"이미지 정보":{"이미지 식별자":537821,"이미지 높이":1049,"이미지 파일명":"ops5386c09-s_11.jpg","이미지 너비":800},"데이터셋 정보":{"파일 생성일자":"2020-10-14 15:24:54","데이터셋 상세설명":{"렉트좌표":{"아우터":[{}],"하의":[{}],"원피스":[{"X좌표":141.5,"Y좌표":1.49962,"가로":506,"세로":796}],"상의":[{}]},"폴리곤좌표":{"아우터":[{}],"하의":[{}],"원피스":[{"Y좌표88":69.9867,"Y좌표87":122.977,"Y좌표89":37.9928,"Y좌표84":279.747,"Y좌표83":294.744,"Y좌표86":202.761,"Y좌표85":256.751,"Y좌표80":350.733,"Y좌표82":310.741,"Y좌표81":331.737,"X좌표39":526.0,"X좌표38":536.0,"X좌표37":543.0,"X좌표36":551.0,"X좌표35":560.0,"X좌표34":566.0,"X좌표33":564.0,"X좌표32":569.0,"X좌표31":576.0,"X좌표30":576.0,"Y좌표77":368.73,"Y좌표76":383.727,"Y좌표79":360.731,"Y좌표78":362.731,"Y좌표73":502.704,"Y좌표72":576.69,"Y좌표75":410.722,"Y좌표74":439.716,"Y좌표71":625.681,"Y좌표70":642.677,"X좌표49":362.0,"X좌표48":370.0,"X좌표47":391.0,"X좌표46":406.0,"X좌표45":419.0,"X좌표44":438.0,"X좌표43":447.0,"X좌표42":462.0,"X좌표41":479.0,"X좌표40":506.0,"Y좌표26":397.924,"Y좌표25":410.922,"Y좌표28":374.928,"Y좌표27":383.927,"Y좌표22":378.928,"Y좌표21":358.932,"Y좌표24":404.923,"Y좌표23":399.924,"Y좌표20":329.937,"X좌표59":292.0,"X좌표58":292.0,"X좌표57":316.0,"X좌표56":346.0,"X좌표55":383.0,"X좌표54":400.0,"X좌표53":403.0,"X좌표52":401.0,"X좌표51":398.0,"X좌표50":386.0,"Y좌표29":410.922,"Y좌표15":82.9842,"Y좌표14":42.9918,"Y좌표17":208.96,"Y좌표16":125.976,"Y좌표11":11.9977,"Y좌표10":7.99847,"Y좌표13":13.9973,"Y좌표12":11.9977,"Y좌표90":25.995,"X좌표69":173.0,"X좌표68":187.0,"X좌표67":200.0,"X좌표66":216.0,"X좌표65":232.0,"X좌표64":232.0,"X좌표63":251.0,"X좌표62":288.0,"Y좌표19":303.942,"X좌표61":318.0,"Y좌표18":283.946,"X좌표60":316.0,"Y좌표48":586.688,"Y좌표47":638.678,"Y좌표49":562.693,"Y좌표44":732.66,"Y좌표43":746.658,"Y좌표46":706.665,"Y좌표45":759.655,"Y좌표40":786.65,"Y좌표42":753.656,"Y좌표41":770.653,"X좌표79":259.0,"X좌표78":274.0,"X좌표77":280.0,"X좌표76":253.0,"X좌표75":208.0,"X좌표74":192.0,"X좌표73":173.0,"X좌표72":152.0,"X좌표71":142.0,"X좌표70":166.0,"Y좌표37":787.65,"X좌표90":320.0,"Y좌표36":780.651,"X좌표8":450.0,"Y좌표39":795.648,"X좌표9":461.0,"Y좌표38":798.648,"Y좌표33":703.666,"Y좌표32":638.678,"Y좌표35":779.651,"Y좌표34":744.658,"Y좌표31":548.695,"Y좌표30":486.707,"X좌표89":298.0,"X좌표88":284.0,"X좌표2":364.0,"X좌표87":274.0,"X좌표3":386.0,"X좌표86":266.0,"X좌표85":260.0,"X좌표1":320.0,"X좌표84":252.0,"X좌표6":422.0,"X좌표83":241.0,"X좌표7":438.0,"X좌표82":241.0,"X좌표4":398.0,"X좌표81":241.0,"X좌표5":416.0,"X좌표80":242.0,"Y좌표69":618.682,"Y좌표9":1.99962,"Y좌표66":635.679,"Y좌표65":650.676,"Y좌표68":616.682,"Y좌표67":614.683,"Y좌표62":655.675,"Y좌표61":647.677,"Y좌표64":661.674,"Y좌표63":658.674,"Y좌표60":615.683,"X좌표19":622.0,"X좌표18":617.0,"X좌표17":596.0,"X좌표16":581.0,"X좌표15":576.0,"X좌표14":573.0,"X좌표13":553.0,"X좌표12":529.0,"X좌표11":502.0,"Y좌표4":15.9969,"X좌표10":476.0,"Y좌표3":1.99962,"Y좌표2":24.9952,"Y좌표1":25.995,"Y좌표8":22.9956,"Y좌표7":57.9889,"Y좌표6":84.9838,"Y좌표5":65.9874,"Y좌표59":562.693,"Y좌표58":509.703,"Y좌표55":429.718,"Y좌표54":404.723,"Y좌표57":486.707,"Y좌표56":454.713,"Y좌표51":482.708,"Y좌표50":524.7,"Y좌표53":415.721,"Y좌표52":455.713,"X좌표29":580.0,"X좌표28":577.0,"X좌표27":588.0,"X좌표26":597.0,"X좌표25":609.0,"X좌표24":627.0,"X좌표23":648.0,"X좌표22":644.0,"X좌표21":645.0,"X좌표20":640.0}],"상의":[{}]},"라벨링":{"스타일":[{"스타일":"섹시","서브스타일":"페미닌"}],"아우터":[{}],"하의":[{}],"원피스":[{"기장":"미디","색상":"블랙","카테고리":"드레스","옷깃":"테일러드칼라","소매기장":"긴팔","소재":["우븐"],"프린트":["무지"],"핏":"노멀"}],"상의":[{}]}},"파일 번호":537821,"파일 이름":"ops5386c09-s_11.jpg"}}