{"이미지 정보":{"이미지 식별자":521116,"이미지 높이":1049,"이미지 파일명":"pt4897k04-s_5.jpg","이미지 너비":800},"데이터셋 정보":{"파일 생성일자":"2020-10-12 19:38:45","데이터셋 상세설명":{"렉트좌표":{"아우터":[{}],"하의":[{"X좌표":243.847,"Y좌표":261.478,"가로":325,"세로":666}],"원피스":[{}],"상의":[{"X좌표":194.895,"Y좌표":5.52393,"가로":345,"세로":302}]},"폴리곤좌표":{"아우터":[{}],"하의":[{"Y좌표9":915.261,"X좌표14":270.321,"X좌표13":505.09,"X좌표12":534.061,"X좌표11":533.062,"Y좌표4":928.259,"X좌표10":570.026,"Y좌표3":757.89,"Y좌표2":539.928,"Y좌표1":300.971,"Y좌표8":632.312,"Y좌표7":501.335,"Y좌표6":906.263,"Y좌표5":921.26,"Y좌표14":291.973,"X좌표8":436.158,"X좌표9":424.17,"Y좌표11":540.328,"Y좌표10":924.26,"Y좌표13":261.978,"Y좌표12":351.362,"X좌표2":245.346,"X좌표3":244.347,"X좌표1":268.323,"X좌표6":366.227,"X좌표7":421.173,"X좌표4":265.326,"X좌표5":334.258}],"원피스":[{}],"상의":[{"Y좌표9":227.984,"X좌표14":281.31,"X좌표13":405.188,"X좌표12":451.143,"X좌표11":535.06,"Y좌표4":229.984,"X좌표10":541.054,"Y좌표3":123.003,"Y좌표2":42.0175,"Y좌표1":6.02393,"Y좌표8":308.97,"Y좌표7":308.97,"Y좌표6":287.974,"Y좌표5":231.984,"Y좌표14":7.02375,"X좌표8":504.091,"X좌표9":520.075,"Y좌표11":33.0191,"Y좌표10":124.003,"Y좌표13":31.0195,"Y좌표12":8.02357,"X좌표2":228.363,"X좌표3":196.394,"X좌표1":285.306,"X좌표6":270.321,"X좌표7":378.215,"X좌표4":195.395,"X좌표5":251.34}]},"라벨링":{"스타일":[{"스타일":"톰보이"}],"아우터":[{}],"하의":[{"기장":"발목","색상":"민트","카테고리":"팬츠","디테일":["스트링","포켓"],"소재":["우븐"],"프린트":["무지"],"핏":"와이드"}],"원피스":[{}],"상의":[{"색상":"블랙","서브색상":"화이트","카테고리":"티셔츠","소매기장":"반팔","소재":["저지"],"프린트":["스트라이프"],"넥라인":"라운드넥","핏":"노멀"}]}},"파일 번호":521116,"파일 이름":"pt4897k04-s_5.jpg"}}